timestamp,time_s,load_total_kw
2024-04-25 08:43:56,0.0,4.923102
2024-04-25 08:43:57,1.0,4.753368898477355
2024-04-25 08:43:58,2.0,4.584723576801427
2024-04-25 08:43:59,3.0,4.417424859310241
2024-04-25 08:44:00,4.0,4.251731570341811
2024-04-25 08:44:01,5.0,4.087902534234157
2024-04-25 08:44:02,6.0,3.926196575325298
2024-04-25 08:44:03,7.0,3.766872517953254
2024-04-25 08:44:04,8.0,3.6101891864560414
2024-04-25 08:44:05,9.0,3.456405405171681
2024-04-25 08:44:06,10.0,3.30577999843819
2024-04-25 08:44:07,11.0,3.1585717905935886
2024-04-25 08:44:08,12.0,3.0150396059758946
2024-04-25 08:44:09,13.0,2.875442268923127
2024-04-25 08:44:10,14.0,2.7400386037733044
2024-04-25 08:44:11,15.0,2.609087434864446
2024-04-25 08:44:12,16.0,2.4828475865345703
2024-04-25 08:44:13,17.0,2.3615778831216963
2024-04-25 08:44:14,18.0,2.245537148963842
2024-04-25 08:44:15,19.0,2.134984208399027
2024-04-25 08:44:16,20.0,2.0301778857652697
2024-04-25 08:44:17,21.0,1.9313770054005885
2024-04-25 08:44:18,22.0,1.8388403916430032
2024-04-25 08:44:19,23.0,1.7528268688305315
2024-04-25 08:44:20,24.0,1.6735952613011933
2024-04-25 08:44:21,25.0,1.6014043933930053
2024-04-25 08:44:22,26.0,1.536513089443989
2024-04-25 08:44:23,27.0,1.4791801737921606
2024-04-25 08:44:24,28.0,1.429664470775541
2024-04-25 08:44:25,29.0,1.3882248047321473
2024-04-25 08:44:26,30.0,1.3551199999999999
2024-04-25 08:44:27,31.0,1.3265550555826666
2024-04-25 08:44:28,32.0,1.298580120631866
2024-04-25 08:44:29,33.0,1.2712217447078387
2024-04-25 08:44:30,34.0,1.2445064773708259
2024-04-25 08:44:31,35.0,1.218460868181068
2024-04-25 08:44:32,36.0,1.1931114666988067
2024-04-25 08:44:33,37.0,1.1684848224842828
2024-04-25 08:44:34,38.0,1.144607485097737
2024-04-25 08:44:35,39.0,1.121506004099411
2024-04-25 08:44:36,40.0,1.099206929049545
2024-04-25 08:44:37,41.0,1.0777368095083801
2024-04-25 08:44:38,42.0,1.0571221950361578
2024-04-25 08:44:39,43.0,1.0373896351931184
2024-04-25 08:44:40,44.0,1.0185656795395033
2024-04-25 08:44:41,45.0,1.0006768776355537
2024-04-25 08:44:42,46.0,0.9837497790415101
2024-04-25 08:44:43,47.0,0.9678109333176137
2024-04-25 08:44:44,48.0,0.9528868900241054
2024-04-25 08:44:45,49.0,0.9390041987212263
2024-04-25 08:44:46,50.0,0.9261894089692172
2024-04-25 08:44:47,51.0,0.9144690703283194
2024-04-25 08:44:48,52.0,0.9038697323587735
2024-04-25 08:44:49,53.0,0.8944179446208207
2024-04-25 08:44:50,54.0,0.8861402566747021
2024-04-25 08:44:51,55.0,0.8790632180806585
2024-04-25 08:44:52,56.0,0.8732133783989309
2024-04-25 08:44:53,57.0,0.8686172871897603
2024-04-25 08:44:54,58.0,0.8653014940133877
2024-04-25 08:44:55,59.0,0.8632925484300541
2024-04-25 08:44:56,60.0,0.8626170000000005
