voyage_id,file_name,start_time,end_time,duration_h,num_samples,mean_load_kw,max_load_kw,min_load_kw,negative_load_count,missing_value_count,timestamp_gap_count,timestamp_monotonic_increasing,load_identity_max_abs_error_kw,extreme_load_gt_1000kw_count,load_definition,load_scope
voyage_001,3月25日14_00_3月25日17_00.xlsx,2024-03-25T14:00:25,2024-03-25T16:59:55,2.9916666666666667,360,195.95389819999997,634.152333,0.0,0,0,0,True,1.0000000543186616e-06,0,fuel_cell_total_kw + battery_total_kw,energy_side_equivalent_total_load
voyage_002,3月26日14_00_3月26日16_00.xlsx,2024-03-26T14:00:27,2024-03-26T15:59:27,1.9833333333333334,239,208.070322665272,490.8397,-70.8582,4,0,0,True,5.684341886080802e-14,0,fuel_cell_total_kw + battery_total_kw,energy_side_equivalent_total_load
voyage_003,3月27日07_00_3月27日11_00.xlsx,2024-03-27T07:00:29,2024-03-27T10:59:29,3.9833333333333334,479,176.07332542588728,812.5562,-107.153667,12,0,0,True,1.0000000543186616e-06,0,fuel_cell_total_kw + battery_total_kw,energy_side_equivalent_total_load
voyage_004,3月28日08_00_3月28日11_00.xlsx,2024-03-28T08:00:01,2024-03-28T10:59:01,2.9833333333333334,359,267.7953486183844,723.015433,0.0,0,0,0,True,1.0000000543186616e-06,0,fuel_cell_total_kw + battery_total_kw,energy_side_equivalent_total_load
voyage_005,3月29日08_00_3月29日15_00.xlsx,2024-03-29T08:00:04,2024-03-29T14:59:34,6.991666666666666,840,238.8455828988095,659.281467,-108.273,49,0,0,True,1.0000001111620804e-06,0,fuel_cell_total_kw + battery_total_kw,energy_side_equivalent_total_load
voyage_006,4月2日14_00_4月2日17_00.xlsx,2024-04-02T14:00:12,2024-04-02T16:59:42,2.9916666666666667,360,170.78153165833334,500.3436,-107.5032,75,0,0,True,5.684341886080802e-14,0,fuel_cell_total_kw + battery_total_kw,energy_side_equivalent_total_load
voyage_007,4月3日08_00_4月3日11_00.xlsx,2024-04-03T08:00:14,2024-04-03T10:59:14,2.9833333333333334,359,275.1920974011142,628.200933,-108.203733,9,0,0,True,1.0000001111620804e-06,0,fuel_cell_total_kw + battery_total_kw,energy_side_equivalent_total_load
voyage_008,4月7日08_00_4月7日12_00.xlsx,2024-04-07T08:00:24,2024-04-07T11:58:54,3.975,478,206.4847003493724,815.424,2e-06,0,0,0,True,1.1368683772161603e-13,0,fuel_cell_total_kw + battery_total_kw,energy_side_equivalent_total_load
voyage_009,4月8日08_00_4月8日12_00.xlsx,2024-04-08T08:00:26,2024-04-08T11:59:26,3.9833333333333334,479,82.31855634237998,418.7092,-107.915,50,0,0,True,0.0,0,fuel_cell_total_kw + battery_total_kw,energy_side_equivalent_total_load
voyage_010,4月9日08_00_4月9日11_00.xlsx,2024-04-09T08:00:28,2024-04-09T10:59:58,2.9916666666666667,360,211.4017035472222,503.780067,-54.56124,49,0,0,True,0.0,0,fuel_cell_total_kw + battery_total_kw,energy_side_equivalent_total_load
voyage_011,4月12日08_00_4月12日16_00.xlsx,2024-04-12T08:00:03,2024-04-12T15:59:33,7.991666666666666,960,188.70644970312503,850.99286,-109.395,92,0,0,True,1.1368683772161603e-13,0,fuel_cell_total_kw + battery_total_kw,energy_side_equivalent_total_load
voyage_012,4月15日08_00_4月15日17_00.xlsx,2024-04-15T08:00:08,2024-04-15T16:59:38,8.991666666666667,1080,58.14610551944444,401.428267,-111.719998,480,0,0,True,0.0,0,fuel_cell_total_kw + battery_total_kw,energy_side_equivalent_total_load
voyage_013,4月16日08_00_4月16日19_00.xlsx,2024-04-16T08:00:10,2024-04-16T18:59:10,10.983333333333333,1319,226.54729927369218,705.286667,-110.765333,360,0,0,True,1.0000001111620804e-06,0,fuel_cell_total_kw + battery_total_kw,energy_side_equivalent_total_load
voyage_014,4月17日07_00_4月17日17_00.xlsx,2024-04-17T09:00:11,2024-04-17T16:59:11,7.983333333333333,959,179.69812555161624,703.746033,-110.759998,144,0,0,True,1.0000000543186616e-06,0,fuel_cell_total_kw + battery_total_kw,energy_side_equivalent_total_load
voyage_015,4月18日12_00_4月18日18_00.xlsx,2024-04-18T12:00:13,2024-04-18T17:59:43,5.991666666666666,720,257.24705575416664,785.682467,-108.5909,98,0,0,True,1.0000001111620804e-06,0,fuel_cell_total_kw + battery_total_kw,energy_side_equivalent_total_load
voyage_016,4月21日08_00_4月21日16_00.xlsx,2024-04-21T08:00:18,2024-04-21T15:59:18,7.983333333333333,959,244.37692729405634,841.6076,-6.4e-05,11,0,0,True,1.1368683772161603e-13,0,fuel_cell_total_kw + battery_total_kw,energy_side_equivalent_total_load
voyage_017,4月22日14_00_4月22日17_00.xlsx,2024-04-22T14:00:20,2024-04-22T16:59:20,2.9833333333333334,359,188.2710457632312,381.636667,-105.645641,11,0,0,True,0.0,0,fuel_cell_total_kw + battery_total_kw,energy_side_equivalent_total_load
voyage_018,4月23日13_00_4月23日18_00.xlsx,2024-04-23T13:05:22,2024-04-23T17:59:22,4.9,589,330.2324455008489,770.075733,41.03338,0,0,0,True,1.0000001111620804e-06,0,fuel_cell_total_kw + battery_total_kw,energy_side_equivalent_total_load
voyage_019,4月24日07_00_4月24日17_00.xlsx,2024-04-24T07:00:23,2024-04-24T16:59:53,9.991666666666667,1200,195.57672778833333,701.068267,0.0,0,0,0,True,1.0000000543186616e-06,0,fuel_cell_total_kw + battery_total_kw,energy_side_equivalent_total_load
voyage_020,4月25日08_00_4月25日18_00.xlsx,2024-04-25T08:00:26,2024-04-25T17:59:56,9.991666666666667,1200,182.16465540250002,733.8372,-109.806399,137,0,0,True,1.0000000543186616e-06,0,fuel_cell_total_kw + battery_total_kw,energy_side_equivalent_total_load
voyage_021,4月28日08_00_4月28日12_00.xlsx,2024-04-28T08:00:04,2024-04-28T11:59:34,3.9916666666666667,480,192.55035170833332,650.2504,-108.08,45,0,0,True,1.0000000543186616e-06,0,fuel_cell_total_kw + battery_total_kw,energy_side_equivalent_total_load
voyage_022,4月29日08_00_4月29日18_00.xlsx,2024-04-29T08:00:07,2024-04-29T17:58:07,9.966666666666667,1197,185.23580786883872,727.0949,-107.3331,50,0,0,True,1.0000001111620804e-06,0,fuel_cell_total_kw + battery_total_kw,energy_side_equivalent_total_load
voyage_023,4月30日08_00_4月30日15_00.xlsx,2024-04-30T08:00:10,2024-04-30T14:59:40,6.991666666666666,840,277.7176958654762,826.136333,-108.64,100,0,0,True,1.0000001111620804e-06,0,fuel_cell_total_kw + battery_total_kw,energy_side_equivalent_total_load
voyage_024,5月7日08_00_5月7日18_00.xlsx,2024-05-07T08:00:29,2024-05-07T17:59:29,9.983333333333333,1199,223.81795364053377,859.8098,-109.3763,108,0,0,True,1.0000000543186616e-06,0,fuel_cell_total_kw + battery_total_kw,energy_side_equivalent_total_load
voyage_025,5月8日08_00_5月8日17_00.xlsx,2024-05-08T08:00:04,2024-05-08T16:59:34,8.991666666666667,1080,188.77479139907408,679.946267,-108.1982,93,0,0,True,1.0000000543186616e-06,0,fuel_cell_total_kw + battery_total_kw,energy_side_equivalent_total_load
voyage_026,5月9日08_00_5月9日17_00.xlsx,2024-05-09T08:00:07,2024-05-09T16:59:37,8.991666666666667,1080,93.39171115277779,613.169067,-110.386,407,0,0,True,1.0000000543186616e-06,0,fuel_cell_total_kw + battery_total_kw,energy_side_equivalent_total_load
voyage_027,5月10日08_00_5月10日10_00.xlsx,2024-05-10T08:00:11,2024-05-10T09:59:41,1.9916666666666667,240,68.25752146666666,395.6248,-107.5221,74,0,0,True,0.0,0,fuel_cell_total_kw + battery_total_kw,energy_side_equivalent_total_load
voyage_028,5月11日08_00_5月11日11_00.xlsx,2024-05-11T08:00:16,2024-05-11T10:59:16,2.9833333333333334,359,159.71021373816157,475.434,-107.514667,80,0,0,True,0.0,0,fuel_cell_total_kw + battery_total_kw,energy_side_equivalent_total_load
voyage_029,5月13日08_00_5月13日11_00.xlsx,2024-05-13T08:00:20,2024-05-13T10:59:50,2.9916666666666667,360,111.12857601944444,497.218667,1e-06,0,0,0,True,0.0,0,fuel_cell_total_kw + battery_total_kw,energy_side_equivalent_total_load
voyage_030,5月14日12_00_5月14日19_00.xlsx,2024-05-14T12:00:23,2024-05-14T18:59:23,6.983333333333333,839,156.26810703337304,603.947433,-121.169433,75,0,0,True,1.0000000543186616e-06,0,fuel_cell_total_kw + battery_total_kw,energy_side_equivalent_total_load
voyage_031,5月15日08_00_5月15日17_00.xlsx,2024-05-15T08:00:24,2024-05-15T16:59:54,8.991666666666667,1080,159.7229488638889,664.7186,-108.65,212,0,0,True,1.1368683772161603e-13,0,fuel_cell_total_kw + battery_total_kw,energy_side_equivalent_total_load
voyage_032,5月17日08_00_5月17日18_00.xlsx,2024-05-17T08:00:28,2024-05-17T17:59:58,9.991666666666667,1200,87.34336269583335,646.6682,-46.433733,16,0,0,True,1.0000000543186616e-06,0,fuel_cell_total_kw + battery_total_kw,energy_side_equivalent_total_load
voyage_033,5月20日08_00_5月20日18_00.xlsx,2024-05-20T08:00:03,2024-05-20T17:59:33,9.991666666666667,1200,102.17984209916666,558.5223,-109.238,197,0,0,True,1.0000000010279564e-06,0,fuel_cell_total_kw + battery_total_kw,energy_side_equivalent_total_load
voyage_034,5月21日05_00_5月21日11_00.xlsx,2024-05-21T05:00:05,2024-05-21T10:59:05,5.983333333333333,719,193.7801522976356,672.092833,-98.241167,16,0,0,True,1.0000000543186616e-06,0,fuel_cell_total_kw + battery_total_kw,energy_side_equivalent_total_load
voyage_035,5月24日08_00_5月24日19_00.xlsx,2024-05-24T08:00:12,2024-05-24T16:59:42,8.991666666666667,1080,164.35779805833334,669.986,-80.8234,203,0,0,True,1.1368683772161603e-13,0,fuel_cell_total_kw + battery_total_kw,energy_side_equivalent_total_load
voyage_036,5月27日08_00_5月27日19_00.xlsx,2024-05-27T08:00:20,2024-05-27T18:59:50,10.991666666666667,1320,82.03605221136363,448.092667,-64.339667,122,0,0,True,1.0000000543186616e-06,0,fuel_cell_total_kw + battery_total_kw,energy_side_equivalent_total_load
voyage_037,5月29日14_00_5月29日17_00.xlsx,2024-05-29T14:00:26,2024-05-29T16:59:56,2.9916666666666667,360,107.269439725,503.5642,-31.6157,18,0,0,True,1.0000000258969521e-06,0,fuel_cell_total_kw + battery_total_kw,energy_side_equivalent_total_load
voyage_038,5月30日05_00_5月30日17_00.xlsx,2024-05-30T05:00:28,2024-05-30T16:59:28,11.983333333333333,1439,113.72946770674079,539.792267,-138.301667,237,0,0,True,1.0000000543186616e-06,0,fuel_cell_total_kw + battery_total_kw,energy_side_equivalent_total_load
voyage_039,6月4日08_00_6月4日12_00.xlsx,2024-06-04T08:00:12,2024-06-04T11:59:12,3.9833333333333334,479,108.68134691231732,392.301348,1e-06,0,0,0,True,5.684341886080802e-14,0,fuel_cell_total_kw + battery_total_kw,energy_side_equivalent_total_load
voyage_040,6月5日08_00_6月5日19_00.xlsx,2024-06-05T08:00:14,2024-06-05T18:59:44,10.991666666666667,1320,92.29397030984849,549.523067,-1e-06,6,0,0,True,1.0000000543186616e-06,0,fuel_cell_total_kw + battery_total_kw,energy_side_equivalent_total_load
voyage_041,6月6日10_00_6月6日21_00.xlsx,2024-06-06T10:00:16,2024-06-06T20:53:46,10.891666666666667,1308,188.3760672721712,848.252533,-1e-06,31,0,0,True,1.0000001111620804e-06,0,fuel_cell_total_kw + battery_total_kw,energy_side_equivalent_total_load
voyage_042,6月7日00_00_6月7日24_00.xlsx,2024-06-07T00:00:18,2024-06-07T23:59:48,23.991666666666667,2880,7.171675337847225,340.30176,-106.960001,232,0,0,True,5.684341886080802e-14,0,fuel_cell_total_kw + battery_total_kw,energy_side_equivalent_total_load
voyage_043,6月11日08_00_6月11日11_00.xlsx,2024-06-11T08:00:29,2024-06-11T10:59:29,2.9833333333333334,359,301.87820052367687,697.115133,1e-06,0,0,0,True,1.0000001111620804e-06,0,fuel_cell_total_kw + battery_total_kw,energy_side_equivalent_total_load
voyage_044,6月12日14_00_6月12日17_00.xlsx,2024-06-12T14:00:05,2024-06-12T16:59:35,2.9916666666666667,360,172.8462407416667,752.612167,-1e-06,3,0,0,True,1.0000000543186616e-06,0,fuel_cell_total_kw + battery_total_kw,energy_side_equivalent_total_load
voyage_045,6月13日08_00_6月13日14_00.xlsx,2024-06-13T08:00:08,2024-06-13T13:59:38,5.991666666666666,720,258.7197436236111,761.2522,0.0,0,0,0,True,1.0000000543186616e-06,0,fuel_cell_total_kw + battery_total_kw,energy_side_equivalent_total_load
voyage_046,6月14日08_00_6月15日18_00.xlsx,2024-06-14T08:00:14,2024-06-15T17:59:44,33.99166666666667,4080,14.129539074754904,653.711133,-109.4688,1949,0,0,True,1.0000000543186616e-06,0,fuel_cell_total_kw + battery_total_kw,energy_side_equivalent_total_load
voyage_047,6月17日09_00_6月17日16_00.xlsx,2024-06-17T09:00:26,2024-06-17T15:59:26,6.983333333333333,839,220.7332902467223,683.936533,-1.606156,2,0,0,True,1.0000000543186616e-06,0,fuel_cell_total_kw + battery_total_kw,energy_side_equivalent_total_load
voyage_048,6月20日08_00_6月20日16_00.xlsx,2024-06-20T08:00:07,2024-06-20T15:59:37,7.991666666666666,960,248.03021863125002,821.2573,0.0,0,0,0,True,1.0000001111620804e-06,0,fuel_cell_total_kw + battery_total_kw,energy_side_equivalent_total_load
voyage_049,6月26日08_00_6月26日13_00.xlsx,2024-06-26T08:00:28,2024-06-26T12:59:28,4.983333333333333,599,277.42538080133556,605.591933,0.0,0,0,0,True,1.0000000543186616e-06,0,fuel_cell_total_kw + battery_total_kw,energy_side_equivalent_total_load
voyage_050,6月28日08_00_6月28日15_00.xlsx,2024-06-28T08:00:02,2024-06-28T14:59:32,6.991666666666666,840,232.7096991904762,768.7192,3e-06,0,0,0,True,1.0000000543186616e-06,0,fuel_cell_total_kw + battery_total_kw,energy_side_equivalent_total_load
voyage_051,6月30日05_00_6月30日11_00.xlsx,2024-06-30T05:00:09,2024-06-30T10:59:39,5.991666666666666,720,293.0563078916666,748.2712,-108.8373,58,0,0,True,1.1368683772161603e-13,0,fuel_cell_total_kw + battery_total_kw,energy_side_equivalent_total_load
voyage_052,7月2日14_00_7月2日18_00.xlsx,2024-07-02T14:00:18,2024-07-02T17:59:48,3.9916666666666667,480,199.36631474166668,560.722,0.0,0,0,0,True,1.1368683772161603e-13,0,fuel_cell_total_kw + battery_total_kw,energy_side_equivalent_total_load
voyage_053,7月3日08_00_7月3日16_00.xlsx,2024-07-03T08:00:22,2024-07-03T15:59:52,7.991666666666666,960,234.70875165208332,846.873733,3e-06,0,0,0,True,1.0000001111620804e-06,0,fuel_cell_total_kw + battery_total_kw,energy_side_equivalent_total_load
voyage_054,7月9日08_00_7月9日16_00.xlsx,2024-07-09T08:00:18,2024-07-09T15:53:18,7.883333333333334,947,302.67179439915526,838.8424,4e-06,0,0,0,True,1.1368683772161603e-13,0,fuel_cell_total_kw + battery_total_kw,energy_side_equivalent_total_load
voyage_055,7月10日08_00_7月10日18_00.xlsx,2024-07-10T08:00:23,2024-07-10T17:59:23,9.983333333333333,1199,236.78898436947458,734.8182,6e-06,0,0,0,True,1.0000001111620804e-06,0,fuel_cell_total_kw + battery_total_kw,energy_side_equivalent_total_load
voyage_056,7月11日06_00_7月12日10_00.xlsx,2024-07-11T06:00:03,2024-07-12T09:59:33,27.991666666666667,3360,102.94467541636905,905.0483,4e-06,0,0,0,True,1.0000000258969521e-06,0,fuel_cell_total_kw + battery_total_kw,energy_side_equivalent_total_load
voyage_057,7月15日14_00_7月15日16_00.xlsx,2024-07-15T14:00:13,2024-07-15T15:59:13,1.9833333333333334,239,250.1803023640168,740.805833,2e-06,0,0,0,True,1.0000001111620804e-06,0,fuel_cell_total_kw + battery_total_kw,energy_side_equivalent_total_load
voyage_058,7月18日08_00_7月18日12_00.xlsx,2024-07-18T08:00:20,2024-07-18T11:59:50,3.9916666666666667,480,149.54177739583335,520.162667,0.0,0,0,0,True,0.0,0,fuel_cell_total_kw + battery_total_kw,energy_side_equivalent_total_load
voyage_059,7月19日07_00_7月19日09_00.xlsx,2024-07-19T07:00:22,2024-07-19T08:59:22,1.9833333333333334,239,125.50356554393306,514.733733,0.0,0,0,0,True,0.0,0,fuel_cell_total_kw + battery_total_kw,energy_side_equivalent_total_load
voyage_060,7月22日08_00_7月22日11_00.xlsx,2024-07-22T08:00:28,2024-07-22T10:57:58,2.9583333333333335,356,209.53242038483145,459.1996,0.0,0,0,0,True,0.0,0,fuel_cell_total_kw + battery_total_kw,energy_side_equivalent_total_load
voyage_061,7月23日12_00_7月23日15_00.xlsx,2024-07-23T12:00:01,2024-07-23T14:59:01,2.9833333333333334,359,174.70268542896935,350.9932,6e-06,0,0,0,True,0.0,0,fuel_cell_total_kw + battery_total_kw,energy_side_equivalent_total_load
voyage_062,7月24日14_00_7月24日17_00.xlsx,2024-07-24T14:00:03,2024-07-24T16:57:33,2.9583333333333335,356,181.75055479494384,491.5851,0.0,0,0,0,True,0.0,0,fuel_cell_total_kw + battery_total_kw,energy_side_equivalent_total_load
voyage_063,7月25日08_00_7月25日17_00.xlsx,2024-07-25T08:00:04,2024-07-25T16:59:34,8.991666666666667,1080,263.2316699564815,773.901333,0.0,0,0,0,True,1.0000001111620804e-06,0,fuel_cell_total_kw + battery_total_kw,energy_side_equivalent_total_load
voyage_064,7月26日11_00_7月26日13_00.xlsx,2024-07-26T11:00:07,2024-07-26T12:59:07,1.9833333333333334,239,140.62105169874476,467.890333,-1e-06,16,0,0,True,0.0,0,fuel_cell_total_kw + battery_total_kw,energy_side_equivalent_total_load
voyage_065,7月29日14_00_7月29日17_00.xlsx,2024-07-29T14:00:13,2024-07-29T16:59:13,2.9833333333333334,359,167.20783442339834,656.1904,0.0,0,0,0,True,1.0000000258969521e-06,0,fuel_cell_total_kw + battery_total_kw,energy_side_equivalent_total_load
voyage_066,7月31日08_00_7月31日11_00.xlsx,2024-07-31T08:00:17,2024-07-31T10:59:17,2.9833333333333334,359,183.8512580947075,507.9851,1e-06,0,0,0,True,0.0,0,fuel_cell_total_kw + battery_total_kw,energy_side_equivalent_total_load
