epoch,train_loss,val_loss,val_MAE,val_RMSE,val_MAPE,val_sMAPE,val_bias,val_h1_MAE,val_h1_bias,val_h3_MAE,val_h3_bias,val_h6_MAE,val_h6_bias,val_top10_load_bias,val_peak_underestimation_ratio,val_ramp_RMSE,val_count_h1,val_RMSE_h1,val_MAE_h1,val_WAPE_h1,val_Bias_h1,val_under_prediction_rate_h1,val_over_prediction_rate_h1,val_count_h2,val_RMSE_h2,val_MAE_h2,val_WAPE_h2,val_Bias_h2,val_under_prediction_rate_h2,val_over_prediction_rate_h2,val_count_h3,val_RMSE_h3,val_MAE_h3,val_WAPE_h3,val_Bias_h3,val_under_prediction_rate_h3,val_over_prediction_rate_h3,val_count_h4,val_RMSE_h4,val_MAE_h4,val_WAPE_h4,val_Bias_h4,val_under_prediction_rate_h4,val_over_prediction_rate_h4,val_count_h5,val_RMSE_h5,val_MAE_h5,val_WAPE_h5,val_Bias_h5,val_under_prediction_rate_h5,val_over_prediction_rate_h5,val_count_h6,val_RMSE_h6,val_MAE_h6,val_WAPE_h6,val_Bias_h6,val_under_prediction_rate_h6,val_over_prediction_rate_h6,val_weighted_MAE_h1_h3
1,0.018500066893234565,0.011681380681693554,24.379467376380237,60.856786434645315,88.35489951248934,33.28532920616106,4.8099960987919355,13.944232537189311,3.8040621185140058,23.06554743958813,4.739792855310944,33.43478018409875,6.056168473821277,-11.818912918282452,0.46225871506770383,41.10099444943224,11563,34.02845256226381,13.944232537189311,6.703581534082306,3.8040621185140058,0.4908760702239903,0.5091239297760097,11563,47.82557730101405,18.967538705557665,9.117900662466523,3.9003189835540906,0.5010810343336505,0.4989189656663496,11563,57.02182257370726,23.06554743958813,11.087242053944903,4.739792855310944,0.487676208596385,0.512323791403615,11563,64.99031160039061,26.708277549678847,12.837665836605758,5.023424070737735,0.48992476001037794,0.5100752399896221,11563,71.91430191936163,30.15642784216873,14.494565036115374,5.336210090813556,0.4397647669289977,0.5602352330710023,11563,78.28903902119605,33.43478018409875,16.069870876458143,6.056168473821277,0.4500562137853498,0.5499437862146502,17.275487368179583
2,0.012516751943251036,0.012923416681587696,27.143049718146617,62.81740282910369,88.64793531348366,33.50236238359276,10.534538224205834,16.58349923758229,8.609848349638344,25.698130669496603,10.257593529280955,35.885118326422536,11.635495317568617,11.081113788335072,0.20339959665802362,41.305880757970996,11563,35.65977815210958,16.58349923758229,7.972388509947538,8.609848349638344,0.21594741849001126,0.7840525815099888,11563,49.91887765772388,21.893445909981047,10.52441584884179,9.787140750504498,0.23929776009686068,0.7607022399031393,11563,59.00865338081639,25.698130669496603,12.352682970688763,10.257593529280955,0.2497621724465969,0.7502378275534031,11563,67.04771125570319,29.602234987901625,14.228682478100495,11.180616557958729,0.2527025858341261,0.7472974141658739,11563,74.32095039155652,33.195869177495624,15.955460217034279,11.73653484028385,0.26446423938424285,0.7355357606157572,11563,80.07260479807773,35.885118326422536,17.24758514088542,11.635495317568617,0.289630718671625,0.710369281328375,19.99940952568478
3,0.012161897307048274,0.012007120065391064,25.288809295217046,61.60494031248195,87.1741331302412,31.333113620095364,7.948478385350257,15.188910296579364,6.328062405621523,24.39180303982742,8.269545281636553,33.99770232756269,9.45299752946621,1.1333670015344777,0.25885911840968023,41.38774804610088,11563,34.84038587740421,15.188910296579364,7.301950703663864,6.328062405621523,0.40560408198564385,0.5943959180143561,11563,49.069125408735275,20.301505784818048,9.75915304130748,7.293719092513695,0.3518118135431981,0.6481881864568019,11563,58.48760348538539,24.39180303982742,11.724752041677307,8.269545281636553,0.3670327769609963,0.6329672230390038,11563,65.55620421201553,27.241260690213817,13.093850813042582,7.981179893501142,0.3474876762085964,0.6525123237914037,11563,72.41802597782214,30.611673632300953,14.713377083318862,8.365366109362416,0.33771512583239643,0.6622848741676035,11563,78.65490646035056,33.99770232756269,16.34043003997455,9.45299752946621,0.3163538873994638,0.6836461126005362,18.56326749170058
4,0.012006836397585216,0.011362522840499878,24.20647099907635,60.2127962851809,106.74124367940382,33.91607966086575,6.676104728528379,13.227252430984109,4.079651543247075,22.736958837959584,6.216934421275322,33.63896185208621,9.296488293685274,-16.20026842373092,0.5867185249207721,41.408833689434054,11563,32.70980005483456,13.227252430984109,6.358898914408326,4.079651543247075,0.36305457061316265,0.6369454293868373,11563,47.481436206554385,18.848131899132785,9.060500521293465,5.611563636788891,0.37386491394966703,0.626135086050333,11563,56.46392004304157,22.736958837959584,10.929294735678782,6.216934421275322,0.36962725936175733,0.6303727406382427,11563,64.25885159283732,26.429619310944748,12.703725287843993,6.843406055575046,0.36962725936175733,0.6303727406382427,11563,71.304512354825,30.357901663350663,14.591402613148047,8.008584420598662,0.3517253307965061,0.6482746692034939,11563,77.63607059996757,33.63896185208621,16.168007398422148,9.296488293685274,0.3424716769004584,0.6575283230995417,16.81545755282381
5,0.01186325560934889,0.011806868948042393,25.658787023078133,61.250065628306864,143.7779030623156,34.892300354920884,10.179991787815633,15.827616420163672,9.382427221755528,24.139678560775373,9.692383502098432,34.256575285984304,11.113588437216864,-2.3707213318459814,0.2994814174589456,41.519871243352895,11563,34.83901289079709,15.827616420163672,7.609003713884825,9.382427221755528,0.17668425149182737,0.8233157485081726,11563,49.03129368710955,20.902296813367656,10.04795977592146,9.930304345594388,0.2168122459569316,0.7831877540430684,11563,57.61019748340743,24.139678560775373,11.6035598118247,9.692383502098432,0.24137334601746951,0.7586266539825305,11563,65.11549757478942,27.553878945993,13.244114666436,10.027791832795872,0.2556429992216553,0.7443570007783448,11563,72.32098127385966,31.2726761121848,15.03108525100551,10.933455387432698,0.25996713655625703,0.740032863443743,11563,78.11729287482446,34.256575285984304,16.464853020844643,11.113588437216864,0.26273458445040215,0.7372654155495979,19.012432966247207
6,0.01173336222652156,0.011384549550712109,23.96437394363436,60.131338993362064,88.96860355726798,33.48276230404228,6.120811516316918,13.076769472933606,4.189943083400702,22.566163033275927,5.69051156354227,33.07547495853714,7.6149396285230315,-10.681025602650475,0.4242293287237107,41.3097564110063,11563,32.62079481283119,13.076769472933606,6.286555400622892,4.189943083400702,0.3548387096774194,0.6451612903225806,11563,47.2812570724655,18.65425252227345,8.96730061137651,4.99868206399985,0.3764593963504281,0.6235406036495719,11563,56.387993661336274,22.566163033275927,10.847195906969612,5.69051156354227,0.3676381561878405,0.6323618438121594,11563,64.35790043842402,26.331383066687234,12.656506815051227,6.65376861369331,0.3610654674392459,0.6389345325607542,11563,71.41147338234748,30.082200608098834,14.458888016366616,7.577024144742348,0.3457580212747557,0.6542419787252444,11563,77.29094605193822,33.07547495853714,15.897176797172474,7.6149396285230315,0.3507740205828937,0.6492259794171062,16.647893099804023
7,0.011612979553574636,0.01134251058101654,24.142283840971505,59.71068893732396,124.09224828909761,34.30719928144443,6.227886009185836,13.051381015196387,3.429206781414774,22.709872612721394,5.818265893074219,33.463848841779644,8.81204581481485,-14.393395171435953,0.5352924229328724,41.510890406233116,11563,32.54154915659538,13.051381015196387,6.274350096672881,3.429206781414774,0.40984173657355355,0.5901582634264464,11563,46.917109117568536,18.815024631141373,9.044585500086054,4.569488721526569,0.396004497102828,0.603995502897172,11563,56.012870407784355,22.709872612721394,10.916274817711084,5.818265893074219,0.388566980887313,0.611433019112687,11563,63.65097901381333,26.45832153093384,12.717521366917357,6.526482659573462,0.37490270690997146,0.6250972930900286,11563,70.993962489314,30.355254414056375,14.590130223484932,8.211826184711143,0.353973882210499,0.646026117789501,11563,76.83097812788766,33.463848841779644,16.08384224318799,8.81204581481485,0.3446337455677592,0.6553662544322407,16.712172419484883
8,0.011576654339078694,0.011292990297079086,23.921774453013132,59.90806713700694,86.30819323489287,30.597678504317777,7.047668483563669,13.336546945660753,5.554551187578333,22.580998119520466,7.071566918902958,32.91249048837631,7.939730025572586,-12.648471569656252,0.4916450590607894,41.26518304971705,11563,33.38197841677678,13.336546945660753,6.411441403814525,5.554551187578333,0.3314883680705699,0.6685116319294301,11563,47.777944028006516,18.857835546220972,9.065165169226294,6.671480911560243,0.3428176078872265,0.6571823921127735,11563,56.28738993292756,22.580998119520466,10.854326897140782,7.071566918902958,0.3106460261177895,0.6893539738822105,11563,63.94341522688106,26.15146767364359,12.57002824336274,7.458836306025787,0.32422381734843897,0.675776182651561,11563,70.7296728215017,29.6913079446567,14.27100703914823,7.589845551742104,0.334169333218023,0.665830666781977,11563,76.6619422935258,32.91249048837631,15.818841022989691,7.939730025572586,0.34100147020669375,0.6589985297933062,16.84182376060076
9,0.01142765993621663,0.011435914784669876,24.55344939074519,60.40715017888101,120.27836868281945,34.22587837104661,7.784793583047332,13.456557641476019,4.5360529125987545,23.251923517956403,7.492453958168025,33.821674848699914,9.960058182095715,-2.1312270740566928,0.3087006626332469,41.43884798464208,11563,32.959214889548065,13.456557641476019,6.4691356141064125,4.5360529125987545,0.2829715471763383,0.7170284528236617,11563,47.791659362366396,19.177366722367537,9.218767255817099,6.478629381866045,0.2952520972066073,0.7047479027933927,11563,56.9404975222987,23.251923517956403,11.176830072583794,7.492453958168025,0.2917927873389259,0.7082072126610741,11563,64.40554077247211,26.887138564744287,12.923637608403293,8.424830789493859,0.28919830493816484,0.7108016950618352,11563,71.69714613802725,30.72603504922697,14.768344435683408,9.816736274061586,0.2908414771253135,0.7091585228746865,11563,77.4145690489867,33.821674848699914,16.2558253606419,9.960058182095715,0.2977600968606763,0.7022399031393237,17.131873541039553
10,0.011386562400544952,0.012301232665777206,25.20989240958431,59.907677507288334,101.61798366849723,34.119607348749106,4.5047928410326845,14.479444814154025,2.0593131477769298,23.876751730043136,4.282347857630524,34.371981353702736,6.5772874481316785,-35.717764594834314,0.7859406511091904,41.23631634218284,11563,33.525103809068455,14.479444814154025,6.960880681031127,2.0593131477769298,0.35924932975871315,0.6407506702412868,11563,47.6309235758622,19.936492908701585,9.583687410441206,3.5720589466359227,0.3773242238173484,0.6226757761826516,11563,56.38522911798691,23.876751730043136,11.47717506321034,4.282347857630524,0.38398339531263515,0.6160166046873649,11563,63.8884923480503,27.491032707132682,13.21390683996439,5.0257688569049215,0.38510767101963156,0.6148923289803684,11563,70.6908307614321,31.103650943771687,14.949843987646114,5.511980789116129,0.3902966358211537,0.6097033641788463,11563,76.69885532958709,34.371981353702736,16.520321027404982,6.5772874481316785,0.37490270690997146,0.6250972930900286,17.996020625696115
11,0.011245076473398953,0.011829656548798084,24.539073298235603,58.82288639549333,123.5534952617126,34.69124053035222,2.995399339096634,13.43927515996935,1.2186994042844603,23.28649405224314,2.737716639930647,33.80415732421241,4.4881821104306985,-29.79596429959719,0.7872371074618265,41.04242576825588,11563,32.20812688853785,13.43927515996935,6.460827195297257,1.2186994042844603,0.4014529101444262,0.5985470898555738,11563,46.60675115347374,19.191104054279705,9.225370939599525,2.220747567401436,0.4069013231860244,0.5930986768139757,11563,55.316615677092216,23.28649405224314,11.193447578956672,2.737716639930647,0.41010118481362967,0.5898988151863703,11563,62.824175755387174,26.933400386540885,12.945873928514636,3.497350975513897,0.40447980627864744,0.5955201937213526,11563,69.59823812182364,30.580008812168128,14.698157515630866,3.8096993370186616,0.41399290841477127,0.5860070915852288,11563,75.50178351310474,33.80415732421241,16.247405853917485,4.4881821104306985,0.4072472541727925,0.5927527458272075,17.134267606717216
12,0.011340432669848773,0.01142432913184166,24.307700053944522,59.12371609983602,131.30861224678648,34.49907703431831,5.789337121173752,13.113127931518882,3.7091233172505977,22.829040102220073,5.42907844704148,34.04413998982912,7.61161007708556,-24.363370850922006,0.6694036300777874,40.89410238344907,11563,32.147235568803225,13.113127931518882,6.304034447313338,3.7091233172505977,0.28132837498918967,0.7186716250108104,11563,46.59959201592914,18.810441312803068,9.042382249471315,5.037994291244543,0.2960304419268356,0.7039695580731644,11563,55.54667070804873,22.829040102220073,10.973556735883342,5.42907844704148,0.3098676813975612,0.6901323186024388,11563,63.140109770751415,26.754976497411977,12.86011226673604,6.060813687921308,0.3084839574504886,0.6915160425495114,11563,70.06422874844951,30.294474489884013,14.560916598833588,6.887402906499017,0.3205915419873735,0.6794084580126265,11563,76.07636862542061,34.04413998982912,16.3627495298087,7.61161007708556,0.3198131972671452,0.6801868027328548,16.765504380044376
13,0.011142332965113626,0.011770453304052353,24.35554550490683,58.91324346309782,82.67153472250955,32.198352906834835,2.9200407055605577,13.495701202084378,0.9852237695578961,23.0885592571317,2.8236458428073896,33.530969813710584,4.971096038160344,-30.500527100869252,0.8127340823970037,41.14323540494102,11563,32.10861182282161,13.495701202084378,6.487953576971892,0.9852237695578961,0.5784830926230217,0.4215169073769783,11563,46.53984633578213,19.013843087367462,9.140159678785542,2.366861618202195,0.5563435094698608,0.4436564905301392,11563,55.3765927478933,23.0885592571317,11.098303468891807,2.8236458428073896,0.5587650263772378,0.44123497362276226,11563,62.88885252142554,26.639550908278203,12.804631521505033,2.945779378831676,0.5605811640577705,0.4394188359422295,11563,69.64868380075134,30.36464876086866,14.59464557827281,3.4276375858038493,0.4983135864395053,0.5016864135604947,11563,75.86295097675738,33.530969813710584,16.116102821726074,4.971096038160344,0.47392545187235147,0.5260745481276485,17.06971537867877
14,0.011101133784406764,0.012496065348386765,25.36270449296181,59.52378299773953,107.2800113261311,35.55973587324414,0.22077473486710358,15.139119517920593,-2.4251226821781016,24.142155650062385,-0.8348611178977307,33.78829940479073,3.3710810450111874,-38.52965162101089,0.8298761163929703,40.970851619673795,11563,33.146611249471235,15.139119517920593,7.278014173381947,-2.4251226821781016,0.680532733719623,0.3194672662803771,11563,47.27603136132113,20.728748170615173,9.964533069415815,-1.597225267224508,0.6538095649917841,0.34619043500821584,11563,55.85981095756858,24.142155650062385,11.60475050927449,-0.8348611178977307,0.6442099801089682,0.35579001989103176,11563,63.47522477027023,27.501103931880053,13.218747699418229,0.492436781083369,0.6156706737005967,0.38432932629940325,11563,70.39477929476956,30.87680028250193,14.840809135094299,2.3183396504084035,0.5747643345152642,0.4252356654847358,11563,76.28837318858476,33.78829940479073,16.23978400875886,3.3710810450111874,0.5539219925624838,0.4460780074375162,18.616615340157324
15,0.011012256615958324,0.011938750743865967,24.033567045446965,58.823044148556676,84.72626454665546,31.74499811539765,1.139258305144899,13.34652037419121,-1.2159542641179277,22.547708346794547,0.6412171778244053,33.13228656212582,3.8431891768217037,-32.53289095510415,0.8304523192163642,41.12651063226364,11563,32.15225922597555,13.34652037419121,6.416236052150312,-1.2159542641179277,0.5770128859292571,0.4229871140707429,11563,46.382860488125594,18.976332128531897,9.1221277558394,-0.3627085233275802,0.5548733027760961,0.44512669722390386,11563,55.14903939765546,22.547708346794547,10.838325032493962,0.6412171778244053,0.5696618524604341,0.43033814753956584,11563,62.80988623228809,26.280746609692677,12.632167772114569,1.7228759379004477,0.5271123410879529,0.47288765891204704,11563,69.64659505969485,29.917808251345637,14.37987349518823,2.2069303257683455,0.5263339963677246,0.47366600363227535,11563,75.75367356515984,33.13228656212582,15.924482349322892,3.8431891768217037,0.4475482141312808,0.5524517858687192,16.875701495014084
16,0.011007917581858694,0.011287295259535313,23.448622504403204,59.233279538428086,80.95705780094423,30.037198094766136,3.7998540688845353,12.569718004935048,1.430824909155998,21.964439957739923,3.13749198655945,32.750480078615226,5.611139043294961,-14.317303234730485,0.5218957072889657,41.38224309202444,11563,32.211052967394444,12.569718004935048,6.042794343953826,1.430824909155998,0.4492778690651215,0.5507221309348785,11563,46.79680715534505,18.18666879045294,8.742528062639042,2.884825514896443,0.4285220098590331,0.5714779901409669,11563,55.68562852488735,21.964439957739923,10.557957188253512,3.13749198655945,0.47911441667387356,0.5208855833261264,11563,63.317872239629516,25.812143525480316,12.406927870592225,4.657756135252766,0.41667387356222435,0.5833261264377757,11563,70.07656771258922,29.40828466919577,14.134973046847376,5.077086824147597,0.42186283836374644,0.5781371616362536,11563,76.17891981722795,32.750480078615226,15.740973414733636,5.611139043294961,0.42264118308397475,0.5773588169160253,16.133747631151394
17,0.010882816037940229,0.011743861250579357,23.959872737312157,58.952736779165384,91.63962598581438,33.500502127414045,2.3867791264749503,13.266079622993459,-0.5753755432610933,22.53799183540323,1.8208831152010998,33.303165387601055,4.8929311816174,-30.771893632386394,0.7986171132238548,41.27165890390684,11563,32.224282161165334,13.266079622993459,6.3775647855260065,-0.5753755432610933,0.4965839315056646,0.5034160684943354,11563,46.425253279671395,18.649984862258787,8.965249101126343,0.8419327738034051,0.5038484822277955,0.49615151777220445,11563,55.28825571928449,22.53799183540323,10.833654459900895,1.8208831152010998,0.49338406987805933,0.5066159301219407,11563,62.99827041618939,26.205806912427605,12.596147074426526,3.2138538413739206,0.46475828072299574,0.5352417192770043,11563,69.82659263654715,29.796207803188828,14.321426731750122,4.1264493901149715,0.4470293176511286,0.5529706823488714,11563,75.87829863995827,33.303165387601055,16.00661241405751,4.8929311816174,0.4169333218023004,0.5830666781976995,16.735633637255013
18,0.010823904741318172,0.011565186083316803,24.121125289308825,59.292032507454465,97.54503390959371,33.98538682861176,3.6745063420022084,13.066780494617884,1.0307848899036633,22.69294181085041,3.6345613133018237,33.49672208991465,5.725824136198883,-21.667518963059436,0.6702679343128781,41.30366747702107,11563,32.05060117404519,13.066780494617884,6.281753276848563,1.0307848899036633,0.4921733114243708,0.5078266885756292,11563,46.64458483808154,18.7357702893032,9.006487082196026,2.3684973510203786,0.4853411744357001,0.5146588255642999,11563,55.59736625033407,22.69294181085041,10.908136450347266,3.6345613133018237,0.4708985557381302,0.5291014442618698,11563,63.414660206919585,26.517355691055425,12.745896870323591,4.494894858117959,0.46441234973622764,0.5355876502637724,11563,70.22288928830145,30.217181360111365,14.523765968719236,4.792475503470543,0.4536884891464153,0.5463115108535848,11563,76.46287948884502,33.49672208991465,16.099642223026667,5.725824136198883,0.4418403528496065,0.5581596471503935,16.692709696269983
19,0.01078178135049381,0.013057480566203594,25.530398715582052,59.13456729412194,112.42085408733318,33.98973270246778,0.09934799816239698,14.554240180332531,-2.4267711704624335,24.177748608861382,-0.2326400737401806,34.783307506249905,3.138287086096024,-45.425100932693994,0.904206280610775,41.362724266310494,11563,32.9933599084175,14.554240180332531,6.996837972636236,-2.4267711704624335,0.47928738216725764,0.5207126178327424,11563,47.00222077834229,20.67835456257364,9.940308317892766,-1.9818749687112345,0.4796333131540258,0.5203666868459742,11563,55.502527352780355,24.177748608861382,11.621859478860152,-0.2326400737401806,0.4581855919744011,0.5418144080255989,11563,63.06704058287083,27.717576761802068,13.322798057891333,0.4126883774934315,0.4664014529101444,0.5335985470898555,11563,69.79649155975498,31.271164673672764,15.030358784199644,1.6863987382987748,0.45507221309348783,0.5449277869065121,11563,75.8556481335257,34.783307506249905,16.718018099829195,3.138287086096024,0.4334515264204791,0.5665484735795209,18.316176180710634
20,0.010729602327463544,0.012915831990540028,25.17229996785238,58.71258180565453,92.24966632630883,33.759396150303836,-0.9710321857992781,14.723364548643211,-3.6397059552926843,23.837005633513908,-1.4432225960848646,34.58742861480728,1.12870235487832,-37.1145796956248,0.8193604148660328,41.086738563326676,11563,32.80998571783329,14.723364548643211,7.078143199678823,-3.6397059552926843,0.45455331661333565,0.5454466833866644,11563,46.402453562505514,19.612633763046183,9.42800482217518,-2.2315111693829195,0.470293176511286,0.529706823488714,11563,55.14012613166743,23.837005633513908,11.458069746327089,-1.4432225960848646,0.4563694542938684,0.5436305457061317,11563,62.629584127702884,27.621875367192946,13.276797992113828,-0.5373621856705604,0.455418144080256,0.5445818559197441,11563,69.33625951838903,30.651491879910765,14.732515562936715,0.8969064367570426,0.45974228141485773,0.5402577185851423,11563,75.38504833494869,34.58742861480728,16.623872169286965,1.12870235487832,0.4465104211709764,0.5534895788290236,18.012873529938243
21,0.010607236339325074,0.012975719757378101,25.521431896492935,59.1849774612156,103.63610135131447,34.073754533318294,0.4751434234098437,15.271493099195162,-2.6108173634184477,24.26435612000904,-0.37386465322838164,34.65512397509977,3.1105946147685595,-39.3799592141958,0.8635839815615096,41.511253248662186,11563,33.32880887773481,15.271493099195162,7.341651744877252,-2.6108173634184477,0.44780766237135694,0.5521923376286431,11563,46.86695854164927,20.185213319065088,9.703249997323281,-1.4837485112679243,0.4840439332353196,0.5159560667646804,11563,55.492541448033535,24.26435612000904,11.663490332942365,-0.37386465322838164,0.45515869584017987,0.5448413041598201,11563,63.107062676557106,27.587074999047083,13.260070762272203,1.6954347661472753,0.43777566375508087,0.5622243362449192,11563,69.86904460752307,31.16532986654145,14.97948971233615,2.5132616874579834,0.4458185591974401,0.5541814408025599,11563,75.93576975287519,34.65512397509977,16.656408818035537,3.1105946147685595,0.43483525036755166,0.5651647496324483,18.544181769318918
22,0.010514994010263994,0.012620694003999233,24.709424959002195,58.803859657234966,76.10508677115382,28.5093320259459,-1.8952365373377718,14.255301843918657,-4.5295556833122586,23.20290545219873,-2.0759373906129643,33.86298514748437,-0.07952318535275246,-40.442816708808316,0.8838951310861424,41.160534254171935,11563,32.55766983855153,14.255301843918657,6.853125688258535,-4.5295556833122586,0.7462596212055694,0.2537403787944305,11563,46.3537711231276,19.307784671269708,9.28146057207453,-3.1315982173237096,0.6390210153074461,0.36097898469255385,11563,55.10899508683091,23.20290545219873,11.153267867459686,-2.0759373906129643,0.5763210239557208,0.4236789760442792,11563,62.769074481858034,27.137839607131898,13.044140182973083,-1.416926595818111,0.5416414425322148,0.4583585574677852,11563,69.57112717381355,30.48973303200981,14.654766827133567,-0.1378781516068305,0.5527112341087953,0.4472887658912047,11563,75.64119058985625,33.86298514748437,16.27568046851696,-0.07952318535275246,0.5518464066418749,0.44815359335812505,17.560567413779985
23,0.010463918900713444,0.01470506563782692,27.59829873761806,60.448748744616,98.64596490756979,33.714542718795734,-1.5744444363412802,16.641653792315314,-4.5438100275817455,25.932719152776418,-1.6768593573161357,37.06938275775211,1.1083369625815176,-60.99343371801216,0.9605301065975224,41.456598905371955,11563,35.07590821824399,16.641653792315314,8.000345860643703,-4.5438100275817455,0.4606935916284701,0.5393064083715299,11563,48.57618390335604,22.513859519196807,10.822655369861673,-2.964351684561866,0.4418403528496065,0.5581596471503935,11563,56.71227788344137,25.932719152776418,12.46544592608808,-1.6768593573161357,0.47617400328634435,0.5238259967136556,11563,64.26903761513388,29.84764232207336,14.34664056596629,-1.1252275095581588,0.4724552451785869,0.5275447548214132,11563,71.03346864987718,33.584534881594344,16.14227081525404,-0.2447550016112901,0.4712444867248984,0.5287555132751016,11563,77.08305288228858,37.06938275775211,17.816782138450833,1.1083369625815176,0.45066159301219405,0.5493384069878059,20.261528582471982
24,0.010380640849886331,0.012721164152026176,24.996753517711184,59.26319225394571,77.51490424188276,29.84556502586258,-1.0533420028327038,14.325944439263859,-3.394921649697411,23.67248783048216,-1.639944816585127,34.2877987544104,1.1892390113854456,-36.78390404572083,0.8367905502736963,41.52012868697906,11563,32.663128814824816,14.325944439263859,6.887086567526202,-3.394921649697411,0.5919744011069792,0.40802559889302087,11563,46.61583885717216,19.60006427329312,9.4219625327287,-1.9997300896247139,0.5477817175473493,0.4522182824526507,11563,55.5768820882631,23.67248783048216,11.3789886532304,-1.639944816585127,0.5474357865605811,0.4525642134394188,11563,63.38055049920163,27.106365115078933,13.029011576847088,-0.23479015056768626,0.5525382686154112,0.4474617313845888,11563,70.10101076830571,30.987860693738625,14.894189872429408,-0.2399043219067297,0.5512410274150307,0.4487589725849693,11563,76.24174450695921,34.2877987544104,16.479860061511875,1.1892390113854456,0.5226152382599671,0.47738476174003286,17.7774890677163
25,0.01032832316249004,0.014178578741848469,26.788405197099866,60.260348167978094,82.90975270560608,30.106549741142057,-1.4940604471572259,16.03732914561068,-4.929603619636718,25.308236666181536,-1.7993901446513876,36.35002583199776,1.4115139922414255,-50.88169304520744,0.9239412273120138,41.5946933734401,11563,34.57057116996232,16.03732914561068,7.709821478506814,-4.929603619636718,0.6333996367724639,0.3666003632275361,11563,47.61060694873892,20.959631602998083,10.075521228383423,-2.700517484180583,0.5116319294300787,0.4883680705699213,11563,56.48942601302677,25.308236666181536,12.165267120210558,-1.7993901446513876,0.48378448499524346,0.5162155150047566,11563,64.2627223842911,29.306572013288534,14.08656839151144,-1.1243022994880625,0.47634696877972843,0.5236530312202715,11563,71.00787230420345,32.768635922522606,15.750112281522554,0.177936872771972,0.4754821413128081,0.5245178586871919,11563,77.22106198582841,36.35002583199776,17.471035199266343,1.4115139922414255,0.45515869584017987,0.5448413041598201,19.368201386941074
26,0.01018086244955742,0.014268746599555016,26.871865522982258,60.28293532925704,84.14678639401917,25.50029578766841,-1.135584991459378,15.96226091582205,-4.320305494215706,25.48248204126076,-1.316233847229452,36.34353617864079,1.789591019495399,-52.407528318178606,0.9341688274272544,41.44578078785264,11563,34.31526006846605,15.96226091582205,7.673733009839558,-4.320305494215706,0.4772117962466488,0.5227882037533512,11563,47.65108292028033,21.577001472605406,10.372297590907998,-3.0863894248323036,0.5398253048516821,0.46017469514831794,11563,56.30234750772498,25.48248204126076,12.249024102581938,-1.316233847229452,0.42091152815013405,0.579088471849866,11563,64.15278415383845,28.942405532272677,13.911527242434026,-0.5664951471242117,0.5338579953299317,0.46614200467006833,11563,71.17659599453098,32.92350699729184,15.824550437036343,0.686322945150007,0.4749632448326559,0.5250367551673442,11563,77.48799331179082,36.34353617864079,17.467916055341806,1.789591019495399,0.46545014269653207,0.5345498573034679,19.550727307944797
