split,source_workbook,source_sheet,source_row_index,time_s,load_kw,fuel_cell_kw,battery_kw,bus_voltage_v,source_members,time_ms,sequence_id
train,1036各工况段数据+总览1.xlsx,段2_86-90s,0,26,4.929173148762283,13.752859914897096,-12.617249310971026,594.59901113897877,1036各工况段数据+总览1.xlsx|段2_86-90s|0,26000,1036各工况段数据+总览1.xlsx::段2_86-90s
train,1036各工况段数据+总览1.xlsx,段2_86-90s,10,26.010000000000005,4.9082320344839392,13.694888649110702,-12.681409771907944,594.79592346206277,1036各工况段数据+总览1.xlsx|段2_86-90s|10,26010,1036各工况段数据+总览1.xlsx::段2_86-90s
train,1036各工况段数据+总览1.xlsx,段2_86-90s,20,26.02,4.8970591102000123,13.668956605721554,-12.76421478704874,595.02347101992268,1036各工况段数据+总览1.xlsx|段2_86-90s|20,26020,1036各工况段数据+总览1.xlsx::段2_86-90s
train,1036各工况段数据+总览1.xlsx,段2_86-90s,30,26.030000000000001,4.8948161241046879,13.673977860658098,-12.87034040190508,595.33438756856356,1036各工况段数据+总览1.xlsx|段2_86-90s|30,26030,1036各工况段数据+总览1.xlsx::段2_86-90s
train,1036各工况段数据+总览1.xlsx,段2_86-90s,40,26.040000000000006,4.8997274814876892,13.702374331724419,-13.000123218818915,595.79743480196669,1036各工况段数据+总览1.xlsx|段2_86-90s|40,26040,1036各工况段数据+总览1.xlsx::段2_86-90s
train,1036各工况段数据+总览1.xlsx,段2_86-90s,50,26.050000000000001,4.9113825134673412,13.740791403966044,-13.140889902822122,596.45958279602803,1036各工况段数据+总览1.xlsx|段2_86-90s|50,26050,1036各工况段数据+总览1.xlsx::段2_86-90s
train,1036各工况段数据+总览1.xlsx,段2_86-90s,60,26.059999999999999,4.9308616517403321,13.772320845718596,-13.262144557977448,597.32912771489509,1036各工况段数据+总览1.xlsx|段2_86-90s|60,26060,1036各工况段数据+总览1.xlsx::段2_86-90s
train,1036各工况段数据+总览1.xlsx,段2_86-90s,70,26.069999999999997,4.9580789530417615,13.780004076975867,-13.325617659300365,598.37190177228558,1036各工况段数据+总览1.xlsx|段2_86-90s|70,26070,1036各工况段数据+总览1.xlsx::段2_86-90s
train,1036各工况段数据+总览1.xlsx,段2_86-90s,80,26.079999999999998,4.9889603971210255,13.75411013712116,-13.306343141967131,599.50604469329483,1036各工况段数据+总览1.xlsx|段2_86-90s|80,26080,1036各工况段数据+总览1.xlsx::段2_86-90s
train,1036各工况段数据+总览1.xlsx,段2_86-90s,90,26.090000000000003,5.0148807772348345,13.699396185262994,-13.210627693346144,600.58961485018892,1036各工况段数据+总览1.xlsx|段2_86-90s|90,26090,1036各工况段数据+总览1.xlsx::段2_86-90s
train,1036各工况段数据+总览1.xlsx,段2_86-90s,100,26.099999999999994,5.0260442401756871,13.636272421843753,-13.075508286964345,601.44203355870491,1036各工况段数据+总览1.xlsx|段2_86-90s|100,26100,1036各工况段数据+总览1.xlsx::段2_86-90s
train,1036各工况段数据+总览1.xlsx,段2_86-90s,110,26.109999999999999,5.01653872502028,13.591866101071169,-12.950927960001868,601.92450627530332,1036各工况段数据+总览1.xlsx|段2_86-90s|110,26110,1036各工况段数据+总览1.xlsx::段2_86-90s
train,1036各工况段数据+总览1.xlsx,段2_86-90s,120,26.120000000000005,4.9876561830646615,13.587156598654452,-12.87665900808522,602.01962334350435,1036各工况段数据+总览1.xlsx|段2_86-90s|120,26120,1036各工况段数据+总览1.xlsx::段2_86-90s
train,1036各工况段数据+总览1.xlsx,段2_86-90s,130,26.129999999999995,4.9467085392353614,13.628431398661832,-12.86537960053473,601.83028601178239,1036各工况段数据+总览1.xlsx|段2_86-90s|130,26130,1036各工况段数据+总览1.xlsx::段2_86-90s
train,1036各工况段数据+总览1.xlsx,段2_86-90s,140,26.140000000000001,4.9029999625426957,13.706607616197552,-12.898745202310504,601.50797834714092,1036各工况段数据+总览1.xlsx|段2_86-90s|140,26140,1036各工况段数据+总览1.xlsx::段2_86-90s
train,1036各工况段数据+总览1.xlsx,段2_86-90s,150,26.150000000000009,4.8640630985318642,13.80344444243006,-12.937748470038922,601.18741289518323,1036各工况段数据+总览1.xlsx|段2_86-90s|150,26150,1036各工况段数据+总览1.xlsx::段2_86-90s
train,1036各工况段数据+总览1.xlsx,段2_86-90s,160,26.16,4.8336142000511435,13.900609356816592,-12.941738681497178,600.96355770991306,1036各工况段数据+总览1.xlsx|段2_86-90s|160,26160,1036各工况段数据+总览1.xlsx::段2_86-90s
train,1036各工况段数据+总览1.xlsx,段2_86-90s,170,26.170000000000002,4.8115310075224409,13.987297796385848,-12.889023690879119,600.89005938815706,1036各工况段数据+总览1.xlsx|段2_86-90s|170,26170,1036各工况段数据+总览1.xlsx::段2_86-90s
train,1036各工况段数据+总览1.xlsx,段2_86-90s,180,26.180000000000007,4.793771237008106,14.062579946926546,-12.787156841098582,600.9657784773475,1036各工况段数据+总览1.xlsx|段2_86-90s|180,26180,1036各工况段数据+总览1.xlsx::段2_86-90s
train,1036各工况段数据+总览1.xlsx,段2_86-90s,190,26.190000000000001,4.7735470131332924,14.132143275468438,-12.666817486908013,601.088408527409,1036各工况段数据+总览1.xlsx|段2_86-90s|190,26190,1036各工况段数据+总览1.xlsx::段2_86-90s
train,1036各工况段数据+总览1.xlsx,段2_86-90s,200,26.200000000000003,4.7444679713658049,14.202112635880733,-12.562511127418585,601.03951300451456,1036各工况段数据+总览1.xlsx|段2_86-90s|200,26200,1036各工况段数据+总览1.xlsx::段2_86-90s
train,1036各工况段数据+总览1.xlsx,段2_86-90s,210,26.209999999999997,4.7044913524820018,14.272882885171796,-12.493736502811217,600.58743224816237,1036各工况段数据+总览1.xlsx|段2_86-90s|210,26210,1036各工况段数据+总览1.xlsx::段2_86-90s
train,1036各工况段数据+总览1.xlsx,段2_86-90s,220,26.219999999999999,4.6583899794544461,14.335270370481794,-12.459795055606186,599.64808595351531,1036各工况段数据+总览1.xlsx|段2_86-90s|220,26220,1036各工况段数据+总览1.xlsx::段2_86-90s
train,1036各工况段数据+总览1.xlsx,段2_86-90s,230,26.230000000000004,4.6163183202048188,14.374340368993554,-12.447356281934374,598.37061169630419,1036各工况段数据+总览1.xlsx|段2_86-90s|230,26230,1036各工况段数据+总览1.xlsx::段2_86-90s
train,1036各工况段数据+总览1.xlsx,段2_86-90s,240,26.239999999999995,4.5892376172384841,14.3770427389113,-12.443254151115209,597.08538537738707,1036各工况段数据+总览1.xlsx|段2_86-90s|240,26240,1036各工况段数据+总览1.xlsx::段2_86-90s
train,1036各工况段数据+总览1.xlsx,段2_86-90s,250,26.25,4.5838024678157598,14.339717446999469,-12.438621529553146,596.15296541904058,1036各工况段数据+总览1.xlsx|段2_86-90s|250,26250,1036各工况段数据+总览1.xlsx::段2_86-90s
train,1036各工况段数据+总览1.xlsx,段2_86-90s,260,26.260000000000005,4.5995910519157164,14.269020553568012,-12.427020107291831,595.81997051821054,1036各工况段数据+总览1.xlsx|段2_86-90s|260,26260,1036各工况段数据+总览1.xlsx::段2_86-90s
train,1036各工况段数据+总览1.xlsx,段2_86-90s,270,26.27,4.6312344525115972,14.178323141168994,-12.400507275896503,596.15506342064009,1036各工况段数据+总览1.xlsx|段2_86-90s|270,26270,1036各工况段数据+总览1.xlsx::段2_86-90s
train,1036各工况段数据+总览1.xlsx,段2_86-90s,280,26.280000000000001,4.6722601637135899,14.083923816544914,-12.351665597867118,597.06928794580949,1036各工况段数据+总览1.xlsx|段2_86-90s|280,26280,1036各工况段数据+总览1.xlsx::段2_86-90s
train,1036各工况段数据+总览1.xlsx,段2_86-90s,290,26.290000000000006,4.7177281824880763,14.002127357547826,-12.279282857170344,598.37934739141804,1036各工况段数据+总览1.xlsx|段2_86-90s|290,26290,1036各工况段数据+总览1.xlsx::段2_86-90s
train,1036各工况段数据+总览1.xlsx,段2_86-90s,300,26.300000000000001,4.7647717705560311,13.946006023848168,-12.190403146669617,599.84472572421305,1036各工况段数据+总览1.xlsx|段2_86-90s|300,26300,1036各工况段数据+总览1.xlsx::段2_86-90s
train,1036各工况段数据+总览1.xlsx,段2_86-90s,310,26.309999999999999,4.8110548157588404,13.922354558335115,-12.097087778346104,601.20411238813529,1036各工况段数据+总览1.xlsx|段2_86-90s|310,26310,1036各工况段数据+总览1.xlsx::段2_86-90s
train,1036各工况段数据+总览1.xlsx,段2_86-90s,320,26.319999999999997,4.8524184925168603,13.931075312074467,-12.012082998711232,602.2580775270518,1036各工况段数据+总览1.xlsx|段2_86-90s|320,26320,1036各工况段数据+总览1.xlsx::段2_86-90s
train,1036各工况段数据+总览1.xlsx,段2_86-90s,330,26.329999999999998,4.8812948192139043,13.966742606890756,-11.947451907598593,602.94009065699277,1036各工况段数据+总览1.xlsx|段2_86-90s|330,26330,1036各工况段数据+总览1.xlsx::段2_86-90s
train,1036各工况段数据+总览1.xlsx,段2_86-90s,340,26.340000000000003,4.8883860867455322,14.02359217035616,-11.914482661502667,603.30639926498986,1036各工况段数据+总览1.xlsx|段2_86-90s|340,26340,1036各工况段数据+总览1.xlsx::段2_86-90s
train,1036各工况段数据+总览1.xlsx,段2_86-90s,350,26.349999999999994,4.8691737410794644,14.097621566601919,-11.922464219476714,603.4430108362593,1036各工况段数据+总览1.xlsx|段2_86-90s|350,26350,1036各工况段数据+总览1.xlsx::段2_86-90s
train,1036各工况段数据+总览1.xlsx,段2_86-90s,360,26.359999999999999,4.8296470193154564,14.18495277288962,-11.974631320820142,603.3858438531488,1036各工况段数据+总览1.xlsx|段2_86-90s|360,26360,1036各工况段数据+总览1.xlsx::段2_86-90s
train,1036各工况段数据+总览1.xlsx,段2_86-90s,370,26.370000000000005,4.7850601369405474,14.276690319874431,-12.067390345963236,603.12525815305321,1036各工况段数据+总览1.xlsx|段2_86-90s|370,26370,1036各工况段数据+总览1.xlsx::段2_86-90s
train,1036各工况段数据+总览1.xlsx,段2_86-90s,380,26.379999999999995,4.7522668820368192,14.357324179251254,-12.19053854706314,602.6638798130009,1036各工况段数据+总览1.xlsx|段2_86-90s|380,26380,1036各工况段数据+总览1.xlsx::段2_86-90s
train,1036各工况段数据+总览1.xlsx,段2_86-90s,390,26.390000000000001,4.7404503761365024,14.408963527194652,-12.329364850204463,602.06787321209117,1036各工况段数据+总览1.xlsx|段2_86-90s|390,26390,1036各工况段数据+总览1.xlsx::段2_86-90s
train,1036各工况段数据+总览1.xlsx,段2_86-90s,400,26.400000000000009,4.7484123965136051,14.418143909051988,-12.465230048437746,601.46581728272361,1036各工况段数据+总览1.xlsx|段2_86-90s|400,26400,1036各工况段数据+总览1.xlsx::段2_86-90s
train,1036各工况段数据+总览1.xlsx,段2_86-90s,410,26.41,4.7691781367468487,14.38144749451377,-12.576877460003679,601.02062742800319,1036各工况段数据+总览1.xlsx|段2_86-90s|410,26410,1036各工况段数据+总览1.xlsx::段2_86-90s
train,1036各工况段数据+总览1.xlsx,段2_86-90s,420,26.420000000000002,4.7968053014357164,14.307014700494134,-12.646351606991647,600.89918441450209,1036各工况段数据+总览1.xlsx|段2_86-90s|420,26420,1036各工况段数据+总览1.xlsx::段2_86-90s
train,1036各工况段数据+总览1.xlsx,段2_86-90s,430,26.430000000000007,4.8294751020124078,14.21177777294567,-12.667913259297478,601.20124135954802,1036各工况段数据+总览1.xlsx|段2_86-90s|430,26430,1036各工况段数据+总览1.xlsx::段2_86-90s
train,1036各工况段数据+总览1.xlsx,段2_86-90s,440,26.440000000000001,4.8669748654945657,14.116170234131236,-12.653211361004429,601.85515524094967,1036各工况段数据+总览1.xlsx|段2_86-90s|440,26440,1036各工况段数据+总览1.xlsx::段2_86-90s
train,1036各工况段数据+总览1.xlsx,段2_86-90s,450,26.450000000000003,4.906827760948163,14.037949310461002,-12.626606610603073,602.56505706026007,1036各工况段数据+总览1.xlsx|段2_86-90s|450,26450,1036各工况段数据+总览1.xlsx::段2_86-90s
train,1036各工况段数据+总览1.xlsx,段2_86-90s,460,26.459999999999997,4.9427113250314108,13.987467925977551,-12.614310176872506,602.91321750296459,1036各工况段数据+总览1.xlsx|段2_86-90s|460,26460,1036各工况段数据+总览1.xlsx::段2_86-90s
train,1036各工况段数据+总览1.xlsx,段2_86-90s,470,26.469999999999999,4.9660835452933521,13.966056574336662,-12.633542789322108,602.57398885018677,1036各工况段数据+总览1.xlsx|段2_86-90s|470,26470,1036各工况段数据+总览1.xlsx::段2_86-90s
train,1036各工况段数据+总览1.xlsx,段2_86-90s,480,26.480000000000004,4.9698212047613763,13.967407712936051,-12.688660165827461,601.47916180333823,1036各工况段数据+总览1.xlsx|段2_86-90s|480,26480,1036各工况段数据+总览1.xlsx::段2_86-90s
train,1036各工况段数据+总览1.xlsx,段2_86-90s,490,26.489999999999995,4.9522584715408957,13.981608195870152,-12.770781979324433,599.84283364307407,1036各工况段数据+总览1.xlsx|段2_86-90s|490,26490,1036各工况段数据+总览1.xlsx::段2_86-90s
train,1036各工况段数据+总览1.xlsx,段2_86-90s,500,26.5,4.9199632364793491,13.999658686724295,-12.859275918814481,598.05199499383912,1036各工况段数据+总览1.xlsx|段2_86-90s|500,26500,1036各工况段数据+总览1.xlsx::段2_86-90s
train,1036各工况段数据+总览1.xlsx,段2_86-90s,510,26.510000000000005,4.8868848847186994,14.01574527978682,-12.925716621404824,596.5119526399501,1036各工况段数据+总览1.xlsx|段2_86-90s|510,26510,1036各工况段数据+总览1.xlsx::段2_86-90s
train,1036各工况段数据+总览1.xlsx,段2_86-90s,520,26.52,4.8683129815634905,14.027389254338054,-12.944904059204584,595.52960820441911,1036各工况段数据+总览1.xlsx|段2_86-90s|520,26520,1036各工况段数据+总览1.xlsx::段2_86-90s
train,1036各工况段数据+总览1.xlsx,段2_86-90s,530,26.530000000000001,4.8724253357918075,14.033166820525963,-12.909997723327852,595.25598822030213,1036各工况段数据+总览1.xlsx|段2_86-90s|530,26530,1036各工况段数据+总览1.xlsx::段2_86-90s
train,1036各工况段数据+总览1.xlsx,段2_86-90s,540,26.540000000000006,4.89468378075735,14.030735850733237,-12.840182585189904,595.68394368012628,1036各工况段数据+总览1.xlsx|段2_86-90s|540,26540,1036各工况段数据+总览1.xlsx::段2_86-90s
train,1036各工况段数据+总览1.xlsx,段2_86-90s,550,26.550000000000001,4.9202192116935324,14.01711194945427,-12.770875960076246,596.65641176755901,1036各工况段数据+总览1.xlsx|段2_86-90s|550,26550,1036各工况段数据+总览1.xlsx::段2_86-90s
train,1036各工况段数据+总览1.xlsx,段2_86-90s,560,26.559999999999999,4.9331642645253648,13.989889515625856,-12.731445356453522,597.87229116418303,1036各工况段数据+总览1.xlsx|段2_86-90s|560,26560,1036各工况段数据+总览1.xlsx::段2_86-90s
train,1036各工况段数据+总览1.xlsx,段2_86-90s,570,26.569999999999997,4.9260081363656827,13.949977164504766,-12.729269158102287,598.96475646908107,1036各工况段数据+总览1.xlsx|段2_86-90s|570,26570,1036各工况段数据+总览1.xlsx::段2_86-90s
train,1036各工况段数据+总览1.xlsx,段2_86-90s,580,26.579999999999998,4.9023103964729291,13.901921626881112,-12.750031874126352,599.64896894293008,1036各工况段数据+总览1.xlsx|段2_86-90s|580,26580,1036各工况段数据+总览1.xlsx::段2_86-90s
train,1036各工况段数据+总览1.xlsx,段2_86-90s,590,26.590000000000003,4.8718486219300159,13.852755968738688,-12.770503173043029,599.84626905899131,1036各工况段数据+总览1.xlsx|段2_86-90s|590,26590,1036各工况段数据+总览1.xlsx::段2_86-90s
train,1036各工况段数据+总览1.xlsx,段2_86-90s,600,26.599999999999994,4.8440176649694955,13.809122353595439,-12.770745181340493,599.70032383966338,1036各工况段数据+总览1.xlsx|段2_86-90s|600,26600,1036各工况段数据+总览1.xlsx::段2_86-90s
train,1036各工况段数据+总览1.xlsx,段2_86-90s,610,26.609999999999999,4.8239909825946157,13.776028474405919,-12.740583036021697,599.47448074164265,1036各工况段数据+总览1.xlsx|段2_86-90s|610,26610,1036各工况段数据+总览1.xlsx::段2_86-90s
train,1036各工况段数据+总览1.xlsx,段2_86-90s,620,26.620000000000005,4.813462315244772,13.756635841642122,-12.681839691950859,599.40474501128858,1036各工况段数据+总览1.xlsx|段2_86-90s|620,26620,1036各工况段数据+总览1.xlsx::段2_86-90s
train,1036各工况段数据+总览1.xlsx,段2_86-90s,630,26.629999999999995,4.812345053916868,13.753335119129687,-12.606839907980849,599.60414518476011,1036各工况段数据+总览1.xlsx|段2_86-90s|630,26630,1036各工况段数据+总览1.xlsx::段2_86-90s
train,1036各工况段数据+总览1.xlsx,段2_86-90s,640,26.640000000000001,4.8199932509638055,13.766929922675269,-12.535249597258751,600.04832162018931,1036各工况段数据+总览1.xlsx|段2_86-90s|640,26640,1036各工况段数据+总览1.xlsx::段2_86-90s
train,1036各工况段数据+总览1.xlsx,段2_86-90s,650,26.650000000000009,4.8349573285303569,13.794460009750305,-12.487136269246747,600.59570803909037,1036各工况段数据+总览1.xlsx|段2_86-90s|650,26650,1036各工况段数据+总览1.xlsx::段2_86-90s
train,1036各工况段数据+总览1.xlsx,段2_86-90s,660,26.66,4.854233010670912,13.828156145517999,-12.473640248002424,601.03402209451201,1036各工况段数据+总览1.xlsx|段2_86-90s|660,26660,1036各工况段数据+总览1.xlsx::段2_86-90s
train,1036各工况段数据+总览1.xlsx,段2_86-90s,670,26.670000000000002,4.8730132583467514,13.858208948972482,-12.490383436021297,601.17196435228959,1036各工况段数据+总览1.xlsx|段2_86-90s|670,26670,1036各工况段数据+总览1.xlsx::段2_86-90s
train,1036各工况段数据+总览1.xlsx,段2_86-90s,680,26.680000000000007,4.8858857196819931,13.879800721859942,-12.519634483052361,600.93756699333369,1036各工况段数据+总览1.xlsx|段2_86-90s|680,26680,1036各工况段数据+总览1.xlsx::段2_86-90s
train,1036各工况段数据+总览1.xlsx,段2_86-90s,690,26.690000000000001,4.8886941765851351,13.8981600406961,-12.541032146980346,600.42019556014816,1036各工况段数据+总览1.xlsx|段2_86-90s|690,26690,1036各工况段数据+总览1.xlsx::段2_86-90s
train,1036各工况段数据+总览1.xlsx,段2_86-90s,700,26.700000000000003,4.8811447493503604,13.927020546049375,-12.542993914269978,599.81623926451095,1036各工况段数据+总览1.xlsx|段2_86-90s|700,26700,1036各工况段数据+总览1.xlsx::段2_86-90s
train,1036各工况段数据+总览1.xlsx,段2_86-90s,710,26.709999999999997,4.8677150862759495,13.977631429154943,-12.526489643848883,599.32382768103935,1036各工况段数据+总览1.xlsx|段2_86-90s|710,26710,1036各工况段数据+总览1.xlsx::段2_86-90s
train,1036各工况段数据+总览1.xlsx,段2_86-90s,720,26.719999999999999,4.8558690971364094,14.047473069928104,-12.502782107062284,599.06600962873517,1036各工况段数据+总览1.xlsx|段2_86-90s|720,26720,1036各工况段数据+总览1.xlsx::段2_86-90s
train,1036各工况段数据+总览1.xlsx,段2_86-90s,730,26.730000000000004,4.851376011944402,14.117538502046926,-12.487147420109547,599.06518899982439,1036各工况段数据+总览1.xlsx|段2_86-90s|730,26730,1036各工况段数据+总览1.xlsx::段2_86-90s
train,1036各工况段数据+总览1.xlsx,段2_86-90s,740,26.739999999999995,4.8522612453489486,14.161410375746318,-12.492856755340714,599.24948228717801,1036各工况段数据+总览1.xlsx|段2_86-90s|740,26740,1036各工况段数据+总览1.xlsx::段2_86-90s
train,1036各工况段数据+总览1.xlsx,段2_86-90s,750,26.75,4.8484156176367366,14.15979685016552,-12.525275015977003,599.47076217930282,1036各工况段数据+总览1.xlsx|段2_86-90s|750,26750,1036各工况段数据+总览1.xlsx::段2_86-90s
train,1036各工况段数据+总览1.xlsx,段2_86-90s,760,26.760000000000005,4.8273088296612841,14.110560202657112,-12.578792994648374,599.55252670305481,1036各工况段数据+总览1.xlsx|段2_86-90s|760,26760,1036各工况段数据+总览1.xlsx::段2_86-90s
train,1036各工况段数据+总览1.xlsx,段2_86-90s,770,26.77,4.7831212498218019,14.028579962071596,-12.639424859059664,599.37758648158388,1036各工况段数据+总览1.xlsx|段2_86-90s|770,26770,1036各工况段数据+总览1.xlsx::段2_86-90s
train,1036各工况段数据+总览1.xlsx,段2_86-90s,780,26.780000000000001,4.7218716048133391,13.937928444829325,-12.692046566305947,598.96142267468929,1036各工况段数据+总览1.xlsx|段2_86-90s|780,26780,1036各工况段数据+总览1.xlsx::段2_86-90s
train,1036各工况段数据+总览1.xlsx,段2_86-90s,790,26.790000000000006,4.6592779659326311,13.859382452750999,-12.727645863614653,598.45197939950936,1036各工况段数据+总览1.xlsx|段2_86-90s|790,26790,1036各工况段数据+总览1.xlsx::段2_86-90s
train,1036各工况段数据+总览1.xlsx,段2_86-90s,800,26.800000000000001,4.6128955366861275,13.801746819351459,-12.746159315977232,598.05429363504436,1036各工况段数据+总览1.xlsx|段2_86-90s|800,26800,1036各工况段数据+总览1.xlsx::段2_86-90s
train,1036各工况段数据+总览1.xlsx,段2_86-90s,810,26.809999999999999,4.5938874609871405,13.760316429819566,-12.75351773330588,597.93006184402577,1036各工况段数据+总览1.xlsx|段2_86-90s|810,26810,1036各工况段数据+总览1.xlsx::段2_86-90s
train,1036各工况段数据+总览1.xlsx,段2_86-90s,820,26.819999999999997,4.6031495032450191,13.724222122384033,-12.755959968184795,598.12353636461125,1036各工况段数据+总览1.xlsx|段2_86-90s|820,26820,1036各工况段数据+总览1.xlsx::段2_86-90s
train,1036各工况段数据+总览1.xlsx,段2_86-90s,830,26.829999999999998,4.6335482663049374,13.687073891592636,-12.754932498344475,598.53431307550568,1036各工况段数据+总览1.xlsx|段2_86-90s|830,26830,1036各工况段数据+总览1.xlsx::段2_86-90s
train,1036各工况段数据+总览1.xlsx,段2_86-90s,840,26.840000000000003,4.6751195392565243,13.653915109137134,-12.746362995180238,598.96034955907794,1036各工况段数据+总览1.xlsx|段2_86-90s|840,26840,1036各工况段数据+总览1.xlsx::段2_86-90s
train,1036各工况段数据+总览1.xlsx,段2_86-90s,850,26.849999999999994,4.7191393112824382,13.639990551217696,-12.724580390719012,599.20079992408148,1036各工况段数据+总览1.xlsx|段2_86-90s|850,26850,1036各工况段数据+总览1.xlsx::段2_86-90s
train,1036各工况段数据+总览1.xlsx,段2_86-90s,860,26.859999999999999,4.7602022262069603,13.660151659113266,-12.688297189838364,599.15862912083333,1036各工况段数据+总览1.xlsx|段2_86-90s|860,26860,1036各工况段数据+总览1.xlsx::段2_86-90s
train,1036各工况段数据+总览1.xlsx,段2_86-90s,870,26.870000000000005,4.7959487223271662,13.717363028674701,-12.644142155140679,598.88471346026802,1036各工况段数据+总览1.xlsx|段2_86-90s|870,26870,1036各工况段数据+总览1.xlsx::段2_86-90s
train,1036各工况段数据+总览1.xlsx,段2_86-90s,880,26.879999999999995,4.8261287255841658,13.796600451770038,-12.606330633058317,598.53835733620872,1036各工况段数据+总览1.xlsx|段2_86-90s|880,26880,1036各工况段数据+总览1.xlsx::段2_86-90s
train,1036各工况段数据+总览1.xlsx,段2_86-90s,890,26.890000000000001,4.8516927250491824,13.87147089979794,-12.592068713873214,598.29208932013546,1036各工况段数据+总览1.xlsx|段2_86-90s|890,26890,1036各工况段数据+总览1.xlsx::段2_86-90s
train,1036各工况段数据+总览1.xlsx,段2_86-90s,900,26.900000000000009,4.8745018920041421,13.918133940762946,-12.613693165940839,598.2366692187644,1036各工况段数据+总览1.xlsx|段2_86-90s|900,26900,1036各工况段数据+总览1.xlsx::段2_86-90s
train,1036各工况段数据+总览1.xlsx,段2_86-90s,910,26.91,4.8970834499426816,13.927282391926742,-12.672520798895167,598.35162278801499,1036各工况段数据+总览1.xlsx|段2_86-90s|910,26910,1036各工况段数据+总览1.xlsx::段2_86-90s
train,1036各工况段数据+总览1.xlsx,段2_86-90s,920,26.920000000000002,4.9209754528228826,13.906261459011048,-12.758463363070968,598.55086489009364,1036各工况段数据+总览1.xlsx|段2_86-90s|920,26920,1036各工况段数据+总览1.xlsx::段2_86-90s
train,1036各工况段数据+总览1.xlsx,段2_86-90s,930,26.930000000000007,4.9455573801172799,13.872201005468437,-12.85511810420774,598.74535377117388,1036各工况段数据+总览1.xlsx|段2_86-90s|930,26930,1036各工况段数据+总览1.xlsx::段2_86-90s
train,1036各工况段数据+总览1.xlsx,段2_86-90s,940,26.940000000000001,4.9680087067897603,13.841819126427009,-12.945883391549559,598.88751311938597,1036各工况段数据+总览1.xlsx|段2_86-90s|940,26940,1036各工况段数据+总览1.xlsx::段2_86-90s
train,1036各工况段数据+总览1.xlsx,段2_86-90s,950,26.950000000000003,4.9853341354839724,13.824408361570196,-13.015887108546368,598.99200729722565,1036各工况段数据+总览1.xlsx|段2_86-90s|950,26950,1036各工况段数据+总览1.xlsx::段2_86-90s
train,1036各工况段数据+总览1.xlsx,段2_86-90s,960,26.959999999999997,4.9975639859127909,13.820961394221507,-13.053193175139652,599.12968292017956,1036各工况段数据+总览1.xlsx|段2_86-90s|960,26960,1036各工况段数据+总览1.xlsx::段2_86-90s
train,1036各工况段数据+总览1.xlsx,段2_86-90s,970,26.969999999999999,5.0081021974589888,13.827421189879429,-13.051099911452898,599.39580047856657,1036各工况段数据+总览1.xlsx|段2_86-90s|970,26970,1036各工况段数据+总览1.xlsx::段2_86-90s
train,1036各工况段数据+总览1.xlsx,段2_86-90s,980,26.980000000000004,5.0208906884332194,13.839846383147492,-13.01187535949188,599.85686838166055,1036各工况段数据+总览1.xlsx|段2_86-90s|980,26980,1036各工况段数据+总览1.xlsx::段2_86-90s
train,1036各工况段数据+总览1.xlsx,段2_86-90s,990,26.989999999999995,5.0350882660973975,13.855738922913462,-12.948556275094097,600.47452758386817,1036各工况段数据+总览1.xlsx|段2_86-90s|990,26990,1036各工况段数据+总览1.xlsx::段2_86-90s
train,1036各工况段数据+总览1.xlsx,段2_86-90s,1000,27,5.0436169818237442,13.873254068664457,-12.879922460687386,601.04331942619956,1036各工况段数据+总览1.xlsx|段2_86-90s|1000,27000,1036各工况段数据+总览1.xlsx::段2_86-90s
train,1036各工况段数据+总览1.xlsx,段2_86-90s,1010,27.010000000000005,5.0365560536047695,13.888762096520519,-12.82032596488034,601.24570298118772,1036各工况段数据+总览1.xlsx|段2_86-90s|1010,27010,1036各工况段数据+总览1.xlsx::段2_86-90s
train,1036各工况段数据+总览1.xlsx,段2_86-90s,1020,27.02,5.0065292723657979,13.896467622740838,-12.771665831511568,600.82947688908325,1036各工况段数据+总览1.xlsx|段2_86-90s|1020,27020,1036各工况段数据+总览1.xlsx::段2_86-90s
train,1036各工况段数据+总览1.xlsx,段2_86-90s,1030,27.030000000000001,4.95117325891521,13.891934441768196,-12.724325627098118,599.77151797424506,1036各工况段数据+总览1.xlsx|段2_86-90s|1030,27030,1036各工况段数据+总览1.xlsx::段2_86-90s
train,1036各工况段数据+总览1.xlsx,段2_86-90s,1040,27.040000000000006,4.8736559933692769,13.874831292392075,-12.665549407902096,598.28803122510828,1036各工况段数据+总览1.xlsx|段2_86-90s|1040,27040,1036各工况段数据+总览1.xlsx::段2_86-90s
train,1036各工况段数据+总览1.xlsx,段2_86-90s,1050,27.050000000000001,4.7828712895078489,13.849245549007788,-12.587485488839704,596.69662441711444,1036各工况段数据+总览1.xlsx|段2_86-90s|1050,27050,1036各工况段数据+总览1.xlsx::段2_86-90s
train,1036各工况段数据+总览1.xlsx,段2_86-90s,1060,27.059999999999999,4.6933465801786012,13.820303174081094,-12.487412976853388,595.28461247638245,1036各工况段数据+总览1.xlsx|段2_86-90s|1060,27060,1036各工况段数据+总览1.xlsx::段2_86-90s
train,1036各工况段数据+总览1.xlsx,段2_86-90s,1070,27.069999999999997,4.623683738742054,13.791471724806522,-12.367150356307899,594.25913381353178,1036各工况段数据+总览1.xlsx|段2_86-90s|1070,27070,1036各工况段数据+总览1.xlsx::段2_86-90s
train,1036各工况段数据+总览1.xlsx,段2_86-90s,1080,27.079999999999998,4.5914512779732544,13.763319233620711,-12.232549783661408,593.74097031998963,1036各工况段数据+总览1.xlsx|段2_86-90s|1080,27080,1036各工况段数据+总览1.xlsx::段2_86-90s
train,1036各工况段数据+总览1.xlsx,段2_86-90s,1090,27.090000000000003,4.6068645495752163,13.734599791664545,-12.094340616244883,593.76019295117885,1036各工况段数据+总览1.xlsx|段2_86-90s|1090,27090,1036各工况段数据+总览1.xlsx::段2_86-90s
train,1036各工况段数据+总览1.xlsx,段2_86-90s,1100,27.099999999999994,4.6676289297283455,13.704113328087711,-11.966531060887784,594.24905980094331,1036各工况段数据+总览1.xlsx|段2_86-90s|1100,27100,1036各工况段数据+总览1.xlsx::段2_86-90s
train,1036各工况段数据+总览1.xlsx,段2_86-90s,1110,27.109999999999999,4.7586438692406219,13.673737177002218,-11.862570733407658,595.06235628309139,1036各工况段数据+总览1.xlsx|段2_86-90s|1110,27110,1036各工况段数据+总览1.xlsx::段2_86-90s
train,1036各工况段数据+总览1.xlsx,段2_86-90s,1120,27.120000000000005,4.8574372460652331,13.649494098326857,-11.791128022782097,596.02581385278222,1036各工况段数据+总览1.xlsx|段2_86-90s|1120,27120,1036各工况段数据+总览1.xlsx::段2_86-90s
train,1036各工况段数据+总览1.xlsx,段2_86-90s,1130,27.129999999999995,4.9426562684834927,13.639762586809519,-11.752951795073164,596.99319874224932,1036各工况段数据+总览1.xlsx|段2_86-90s|1130,27130,1036各工况段数据+总览1.xlsx::段2_86-90s
train,1036各工况段数据+总览1.xlsx,段2_86-90s,1140,27.140000000000001,5.0011981090944477,13.651035574584096,-11.74096392015452,597.88811806108652,1036各工况段数据+总览1.xlsx|段2_86-90s|1140,27140,1036各工况段数据+总览1.xlsx::段2_86-90s
train,1036各工况段数据+总览1.xlsx,段2_86-90s,1150,27.150000000000009,5.0309104757958485,13.684571914611826,-11.745064609572378,598.69659771047554,1036各工况段数据+总览1.xlsx|段2_86-90s|1150,27150,1036各工况段数据+总览1.xlsx::段2_86-90s
train,1036各工况段数据+总览1.xlsx,段2_86-90s,1160,27.16,5.0379537630680016,13.736588202978762,-11.760093047304592,599.42305425388236,1036各工况段数据+总览1.xlsx|段2_86-90s|1160,27160,1036各工况段数据+总览1.xlsx::段2_86-90s
train,1036各工况段数据+总览1.xlsx,段2_86-90s,1170,27.170000000000002,5.0317235156642619,13.801608886936004,-11.789884563886885,600.05404355306939,1036各工况段数据+总览1.xlsx|段2_86-90s|1170,27170,1036各工况段数据+总览1.xlsx::段2_86-90s
train,1036各工况段数据+总览1.xlsx,段2_86-90s,1180,27.180000000000007,5.0199479313197397,13.877298426933796,-11.844654404129733,600.56412190811932,1036各工况段数据+总览1.xlsx|段2_86-90s|1180,27180,1036各工况段数据+总览1.xlsx::段2_86-90s
train,1036各工况段数据+总览1.xlsx,段2_86-90s,1190,27.190000000000001,5.0067830692470956,13.96673997878654,-11.931558428095446,600.95750640432914,1036各工况段数据+总览1.xlsx|段2_86-90s|1190,27190,1036各工况段数据+总览1.xlsx::段2_86-90s
train,1036各工况段数据+总览1.xlsx,段2_86-90s,1200,27.200000000000003,4.9946030256074643,14.074518130918962,-12.044589156169575,601.28896413426708,1036各工况段数据+总览1.xlsx|段2_86-90s|1200,27200,1036各工况段数据+总览1.xlsx::段2_86-90s
train,1036各工况段数据+总览1.xlsx,段2_86-90s,1210,27.209999999999997,4.986056418127375,14.199499489502616,-12.162936912344623,601.62971135333805,1036各工况段数据+总览1.xlsx|段2_86-90s|1210,27210,1036各工况段数据+总览1.xlsx::段2_86-90s
train,1036各工况段数据+总览1.xlsx,段2_86-90s,1220,27.219999999999999,4.9834762277621012,14.331717462440032,-12.260301730640704,601.99459815329431,1036各工况段数据+总览1.xlsx|段2_86-90s|1220,27220,1036各工况段数据+总览1.xlsx::段2_86-90s
train,1036各工况段数据+总览1.xlsx,段2_86-90s,1230,27.230000000000004,4.9876848224514898,14.455412459799795,-12.3200564296406,602.28877197625081,1036各工况段数据+总览1.xlsx|段2_86-90s|1230,27230,1036各工况段数据+总览1.xlsx::段2_86-90s
train,1036各工况段数据+总览1.xlsx,段2_86-90s,1240,27.239999999999995,4.9969228392409963,14.556303768310414,-12.345466530348279,602.333628008235,1036各工况段数据+总览1.xlsx|段2_86-90s|1240,27240,1036各工况段数据+总览1.xlsx::段2_86-90s
train,1036各工况段数据+总览1.xlsx,段2_86-90s,1250,27.25,5.0084101248973161,14.624329310537169,-12.356003211594659,601.96977991444396,1036各工况段数据+总览1.xlsx|段2_86-90s|1250,27250,1036各工况段数据+总览1.xlsx::段2_86-90s
train,1036各工况段数据+总览1.xlsx,段2_86-90s,1260,27.260000000000005,5.0201803242662484,14.653671525214952,-12.372677582045856,601.16132963629525,1036各工况段数据+总览1.xlsx|段2_86-90s|1260,27260,1036各工况段数据+总览1.xlsx::段2_86-90s
train,1036各工况段数据+总览1.xlsx,段2_86-90s,1270,27.27,5.0316001026424972,14.641705735549428,-12.405976579000871,600.03027687779775,1036各工况段数据+总览1.xlsx|段2_86-90s|1270,27270,1036各工况段数据+总览1.xlsx::段2_86-90s
train,1036各工况段数据+总览1.xlsx,段2_86-90s,1280,27.280000000000001,5.0421715209028379,14.589843977358052,-12.453949009762542,598.80977430572909,1036各工况段数据+总览1.xlsx|段2_86-90s|1280,27280,1036各工况段数据+总览1.xlsx::段2_86-90s
train,1036各工况段数据+总览1.xlsx,段2_86-90s,1290,27.290000000000006,5.0493956256455954,14.505372690378968,-12.509259188677484,597.75676615024679,1036各工况段数据+总览1.xlsx|段2_86-90s|1290,27290,1036各工况段数据+总览1.xlsx::段2_86-90s
train,1036各工况段数据+总览1.xlsx,段2_86-90s,1300,27.300000000000001,5.0488225569570737,14.401035197137611,-12.5641912652936,597.06214787461897,1036各工况段数据+总览1.xlsx|段2_86-90s|1300,27300,1036各工况段数据+总览1.xlsx::段2_86-90s
train,1036各工况段数据+总览1.xlsx,段2_86-90s,1310,27.309999999999999,5.0364351913524192,14.290626747504881,-12.611760968538375,596.80484111170654,1036各工况段数据+总览1.xlsx|段2_86-90s|1310,27310,1036各工况段数据+总览1.xlsx::段2_86-90s
train,1036各工况段数据+总览1.xlsx,段2_86-90s,1320,27.319999999999997,5.0117821155652482,14.183915331409519,-12.64556324188877,596.97987901834006,1036各工况段数据+总览1.xlsx|段2_86-90s|1320,27320,1036各工况段数据+总览1.xlsx::段2_86-90s
train,1036各工况段数据+总览1.xlsx,段2_86-90s,1330,27.329999999999998,4.9779435164193977,14.086029010367852,-12.661525660555192,597.54752552464686,1036各工况段数据+总览1.xlsx|段2_86-90s|1330,27330,1036各工况段数据+总览1.xlsx::段2_86-90s
train,1036各工况段数据+总览1.xlsx,段2_86-90s,1340,27.340000000000003,4.9393595389157756,13.999866927512125,-12.658429311977391,598.43435949755872,1036各工况段数据+总览1.xlsx|段2_86-90s|1340,27340,1036各工况段数据+总览1.xlsx::段2_86-90s
train,1036各工况段数据+总览1.xlsx,段2_86-90s,1350,27.349999999999994,4.9000242083742576,13.928774172393055,-12.636691967401395,599.4818073644667,1036各工况段数据+总览1.xlsx|段2_86-90s|1350,27350,1036各工况段数据+总览1.xlsx::段2_86-90s
train,1036各工况段数据+总览1.xlsx,段2_86-90s,1360,27.359999999999999,4.8630267264852041,13.874553477934612,-12.597503865390465,600.42832063156789,1036各工况段数据+总览1.xlsx|段2_86-90s|1360,27360,1036各工况段数据+总览1.xlsx::段2_86-90s
train,1036各工况段数据+总览1.xlsx,段2_86-90s,1370,27.370000000000005,4.8313006816579005,13.83488465299471,-12.5452079764268,600.99667647199033,1036各工况段数据+总览1.xlsx|段2_86-90s|1370,27370,1036各工况段数据+总览1.xlsx::段2_86-90s
train,1036各工况段数据+总览1.xlsx,段2_86-90s,1380,27.379999999999995,4.8082041397579554,13.803395925728609,-12.490586873432616,601.02684744998476,1036各工况段数据+总览1.xlsx|段2_86-90s|1380,27380,1036各工况段数据+总览1.xlsx::段2_86-90s
train,1036各工况段数据+总览1.xlsx,段2_86-90s,1390,27.390000000000001,4.7972092521109531,13.774145809425161,-12.449887332719172,600.55117057400571,1036各工况段数据+总览1.xlsx|段2_86-90s|1390,27390,1036各工况段数据+总览1.xlsx::段2_86-90s
train,1036各工况段数据+总览1.xlsx,段2_86-90s,1400,27.400000000000009,4.8011561264209046,13.745583335242792,-12.438076436137436,599.76591429130963,1036各工况段数据+总览1.xlsx|段2_86-90s|1400,27400,1036各工况段数据+总览1.xlsx::段2_86-90s
train,1036各工况段数据+总览1.xlsx,段2_86-90s,1410,27.41,4.8196128423344797,13.719252709074707,-12.461436439048535,598.93321886845013,1036各工况段数据+总览1.xlsx|段2_86-90s|1410,27410,1036各工况段数据+总览1.xlsx::段2_86-90s
train,1036各工况段数据+总览1.xlsx,段2_86-90s,1420,27.420000000000002,4.8462786356263408,13.693385481051102,-12.517646902917136,598.28632911891577,1036各工况段数据+总览1.xlsx|段2_86-90s|1420,27420,1036各工况段数据+总览1.xlsx::段2_86-90s
train,1036各工况段数据+总览1.xlsx,段2_86-90s,1430,27.430000000000007,4.8704691620007567,13.658116334368779,-12.601182232213272,597.96524912950576,1036各工况段数据+总览1.xlsx|段2_86-90s|1430,27430,1036各工况段数据+总览1.xlsx::段2_86-90s
train,1036各工况段数据+总览1.xlsx,段2_86-90s,1440,27.440000000000001,4.8821643076093917,13.5976701942833,-12.708407482553362,597.97860707015855,1036各工况段数据+总览1.xlsx|段2_86-90s|1440,27440,1036各工况段数据+总览1.xlsx::段2_86-90s
train,1036各工况段数据+总览1.xlsx,段2_86-90s,1450,27.450000000000003,4.8777080228418814,13.49822981542534,-12.834015131606323,598.2007902527921,1036各工况段数据+总览1.xlsx|段2_86-90s|1450,27450,1036各工况段数据+总览1.xlsx::段2_86-90s
train,1036各工况段数据+总览1.xlsx,段2_86-90s,1460,27.459999999999997,4.8616092130237512,13.356244236600537,-12.964545948193086,598.43880859858677,1036各工况段数据+总览1.xlsx|段2_86-90s|1460,27460,1036各工况段数据+总览1.xlsx::段2_86-90s
train,1036各工况段数据+总览1.xlsx,段2_86-90s,1470,27.469999999999999,4.8425229660462339,13.183013756839426,-13.07726656581224,598.55876207903975,1036各工况段数据+总览1.xlsx|段2_86-90s|1470,27470,1036各工况段数据+总览1.xlsx::段2_86-90s
train,1036各工况段数据+总览1.xlsx,段2_86-90s,1480,27.480000000000004,4.8272206901435206,13.00442947674253,-13.148962243943558,598.55662512165918,1036各工况段数据+总览1.xlsx|段2_86-90s|1480,27480,1036各工况段数据+总览1.xlsx::段2_86-90s
train,1036各工况段数据+总览1.xlsx,段2_86-90s,1490,27.489999999999995,4.8161207670709434,12.855408740927214,-13.167279209323668,598.51193453028827,1036各工况段数据+总览1.xlsx|段2_86-90s|1490,27490,1036各工况段数据+总览1.xlsx::段2_86-90s
train,1036各工况段数据+总览1.xlsx,段2_86-90s,1500,27.5,4.8039741309477018,12.771137595206556,-13.134907952798624,598.47722122178459,1036各工况段数据+总览1.xlsx|段2_86-90s|1500,27500,1036各工况段数据+总览1.xlsx::段2_86-90s
train,1036各工况段数据+总览1.xlsx,段2_86-90s,1510,27.510000000000005,4.7857133276139132,12.776120861269799,-13.063843042109156,598.40489023902637,1036各工况段数据+总览1.xlsx|段2_86-90s|1510,27510,1036各工况段数据+总览1.xlsx::段2_86-90s
train,1036各工况段数据+总览1.xlsx,段2_86-90s,1520,27.52,4.7617514817956748,12.876022839580582,-12.968409696991408,598.18812538083148,1036各工况段数据+总览1.xlsx|段2_86-90s|1520,27520,1036各工况段数据+总览1.xlsx::段2_86-90s
train,1036各工况段数据+总览1.xlsx,段2_86-90s,1530,27.530000000000001,4.7386184816808257,13.05489179166149,-12.862023881443854,597.76201003068377,1036各工况段数据+总览1.xlsx|段2_86-90s|1530,27530,1036各工况段数据+总览1.xlsx::段2_86-90s
train,1036各工况段数据+总览1.xlsx,段2_86-90s,1540,27.540000000000006,4.7249553881413773,13.278345036730771,-12.757562996829808,597.16563552725893,1036各工况段数据+总览1.xlsx|段2_86-90s|1540,27540,1036各工况段数据+总览1.xlsx::段2_86-90s
train,1036各工况段数据+总览1.xlsx,段2_86-90s,1550,27.550000000000001,4.726464979522941,13.502280015009706,-12.665205797912035,596.53013140715791,1036各工况段数据+总览1.xlsx|段2_86-90s|1550,27550,1036各工况段数据+总览1.xlsx::段2_86-90s
train,1036各工况段数据+总览1.xlsx,段2_86-90s,1560,27.559999999999999,4.7429349025559535,13.684235207529737,-12.588765466495586,596.02735656187747,1036各工况段数据+总览1.xlsx|段2_86-90s|1560,27560,1036各工况段数据+总览1.xlsx::段2_86-90s
train,1036各工况段数据+总览1.xlsx,段2_86-90s,1570,27.569999999999997,4.7691883828754413,13.79534070635949,-12.526882185277644,595.82843802159903,1036各工况段数据+总览1.xlsx|段2_86-90s|1570,27570,1036各工况段数据+总览1.xlsx::段2_86-90s
train,1036各工况段数据+总览1.xlsx,段2_86-90s,1580,27.579999999999998,4.7983018881683712,13.829617821638172,-12.478579402200472,596.06209398507963,1036各工况段数据+总览1.xlsx|段2_86-90s|1580,27580,1036各工况段数据+总览1.xlsx::段2_86-90s
train,1036各工况段数据+总览1.xlsx,段2_86-90s,1590,27.590000000000003,4.8254727299611693,13.804181611357793,-12.447418910177197,596.75831491838733,1036各工况段数据+总览1.xlsx|段2_86-90s|1590,27590,1036各工况段数据+总览1.xlsx::段2_86-90s
train,1036各工况段数据+总览1.xlsx,段2_86-90s,1600,27.599999999999994,4.8496231856298975,13.751246733931374,-12.437307425665669,597.80765315646272,1036各工况段数据+总览1.xlsx|段2_86-90s|1600,27600,1036各工况段数据+总览1.xlsx::段2_86-90s
train,1036各工况段数据+总览1.xlsx,段2_86-90s,1610,27.609999999999999,4.8712588273581598,13.704481880077855,-12.445371545443669,598.97400189882808,1036各工况段数据+总览1.xlsx|段2_86-90s|1610,27610,1036各工况段数据+总览1.xlsx::段2_86-90s
train,1036各工况段数据+总览1.xlsx,段2_86-90s,1620,27.620000000000005,4.8887707910459923,13.687087020196577,-12.458609840484849,599.9780972262339,1036各工况段数据+总览1.xlsx|段2_86-90s|1620,27620,1036各工况段数据+总览1.xlsx::段2_86-90s
train,1036各工况段数据+总览1.xlsx,段2_86-90s,1630,27.629999999999995,4.8964163061366506,13.705855704193761,-12.460128069960826,600.61771284971633,1036各工况段数据+总览1.xlsx|段2_86-90s|1630,27630,1036各工况段数据+总览1.xlsx::段2_86-90s
train,1036各工况段数据+总览1.xlsx,段2_86-90s,1640,27.640000000000001,4.8855170900055214,13.75131799989656,-12.43995569877846,600.83031621487874,1036各工况段数据+总览1.xlsx|段2_86-90s|1640,27640,1036各工况段数据+总览1.xlsx::段2_86-90s
train,1036各工况段数据+总览1.xlsx,段2_86-90s,1650,27.650000000000009,4.8497493434547323,13.804102427240585,-12.401225780853755,600.65058247941954,1036各工况段数据+总览1.xlsx|段2_86-90s|1650,27650,1036各工况段数据+总览1.xlsx::段2_86-90s
train,1036各工况段数据+总览1.xlsx,段2_86-90s,1660,27.66,4.7914866248339294,13.843191702017997,-12.356017204433574,600.1454068961815,1036各工况段数据+总览1.xlsx|段2_86-90s|1660,27660,1036各工况段数据+总览1.xlsx::段2_86-90s
train,1036各工况段数据+总览1.xlsx,段2_86-90s,1670,27.670000000000002,4.7241308924946779,13.853796977494849,-12.316315769152872,599.42101406396409,1036各工况段数据+总览1.xlsx|段2_86-90s|1670,27670,1036各工况段数据+总览1.xlsx::段2_86-90s
train,1036各工况段数据+总览1.xlsx,段2_86-90s,1680,27.680000000000007,4.6673795154837325,13.832696985654904,-12.287164815875682,598.66928799504046,1036各工况段数据+总览1.xlsx|段2_86-90s|1680,27680,1036各工况段数据+总览1.xlsx::段2_86-90s
train,1036各工况段数据+总览1.xlsx,段2_86-90s,1690,27.690000000000001,4.6377003739350169,13.78892914498422,-12.266365923854623,598.16444532839535,1036各工况段数据+总览1.xlsx|段2_86-90s|1690,27690,1036各工况段数据+总览1.xlsx::段2_86-90s
train,1036各工况段数据+总览1.xlsx,段2_86-90s,1700,27.700000000000003,4.641278805916337,13.739778082040464,-12.247724448899266,598.18251370830546,1036各工况段数据+总览1.xlsx|段2_86-90s|1700,27700,1036各工况段数据+总览1.xlsx::段2_86-90s
train,1036各工况段数据+总览1.xlsx,段2_86-90s,1710,27.709999999999997,4.6734010797203034,13.703524615962852,-12.22613525596222,598.87296960743993,1036各工况段数据+总览1.xlsx|段2_86-90s|1710,27710,1036各工况段数据+总览1.xlsx::段2_86-90s
train,1036各工况段数据+总览1.xlsx,段2_86-90s,1720,27.719999999999999,4.723303901931196,13.691143117447632,-12.20399327509106,600.15513900855694,1036各工况段数据+总览1.xlsx|段2_86-90s|1720,27720,1036各工况段数据+总览1.xlsx::段2_86-90s
train,1036各工况段数据+总览1.xlsx,段2_86-90s,1730,27.730000000000004,4.7824521179882495,13.701333194089592,-12.19235198191846,601.71592624270147,1036各工况段数据+总览1.xlsx|段2_86-90s|1730,27730,1036各工况段数据+总览1.xlsx::段2_86-90s
train,1036各工况段数据+总览1.xlsx,段2_86-90s,1740,27.739999999999995,4.8498453706344513,13.721854929997756,-12.204538997052216,603.1154111556325,1036各工况段数据+总览1.xlsx|段2_86-90s|1740,27740,1036各工况段数据+总览1.xlsx::段2_86-90s
train,1036各工况段数据+总览1.xlsx,段2_86-90s,1750,27.75,4.9341834213887612,13.737547515461475,-12.240114696078823,603.92730873683945,1036各工况段数据+总览1.xlsx|段2_86-90s|1750,27750,1036各工况段数据+总览1.xlsx::段2_86-90s
train,1036各工况段数据+总览1.xlsx,段2_86-90s,1760,27.760000000000005,5.0507300962466291,13.740200535603581,-12.2691692769373,603.83761967641158,1036各工况段数据+总览1.xlsx|段2_86-90s|1760,27760,1036各工况段数据+总览1.xlsx::段2_86-90s
train,1036各工况段数据+总览1.xlsx,段2_86-90s,1770,27.77,5.2132539885202895,13.731785245002015,-12.235198961030379,602.70650024609211,1036各工况段数据+总览1.xlsx|段2_86-90s|1770,27770,1036各工况段数据+总览1.xlsx::段2_86-90s
train,1036各工况段数据+总览1.xlsx,段2_86-90s,1780,27.780000000000001,5.424609360555718,13.720337637177032,-12.081605968218556,600.61961140635538,1036各工况段数据+总览1.xlsx|段2_86-90s|1780,27780,1036各工况段数据+总览1.xlsx::段2_86-90s
train,1036各工况段数据+总览1.xlsx,段2_86-90s,1790,27.790000000000006,5.6685177595629428,13.71220786787109,-11.789777017598242,597.91342986666734,1036各工况段数据+总览1.xlsx|段2_86-90s|1790,27790,1036各工况段数据+总览1.xlsx::段2_86-90s
train,1036各工况段数据+总览1.xlsx,段2_86-90s,1800,27.800000000000001,5.9093964082114887,13.705622111171945,-11.403209892330898,595.12529557205391,1036各工况段数据+总览1.xlsx|段2_86-90s|1800,27800,1036各工况段数据+总览1.xlsx::段2_86-90s
train,1036各工况段数据+总览1.xlsx,段2_86-90s,1810,27.809999999999999,6.1032305015680555,13.690909278502016,-11.015835493133306,592.86162439158591,1036各工况段数据+总览1.xlsx|段2_86-90s|1810,27810,1036各工况段数据+总览1.xlsx::段2_86-90s
train,1036各工况段数据+总览1.xlsx,段2_86-90s,1820,27.819999999999997,6.2159885999033868,13.65805855143714,-10.731539815583224,591.62896439143742,1036各工况段数据+总览1.xlsx|段2_86-90s|1820,27820,1036各工况段数据+总览1.xlsx::段2_86-90s
train,1036各工况段数据+总览1.xlsx,段2_86-90s,1830,27.829999999999998,6.2395491503641214,13.606719208417346,-10.615446683507225,591.67218479428357,1036各工况段数据+总览1.xlsx|段2_86-90s|1830,27830,1036各工况段数据+总览1.xlsx::段2_86-90s
train,1036各工况段数据+总览1.xlsx,段2_86-90s,1840,27.840000000000003,6.1951360816671466,13.550306433575408,-10.666943814597367,592.89363161973381,1036各工况段数据+总览1.xlsx|段2_86-90s|1840,27840,1036各工况段数据+总览1.xlsx::段2_86-90s
train,1036各工况段数据+总览1.xlsx,段2_86-90s,1850,27.849999999999994,6.121139186398568,13.510407997859325,-10.829555006413861,594.92833901361178,1036各工况段数据+总览1.xlsx|段2_86-90s|1850,27850,1036各工况段数据+总览1.xlsx::段2_86-90s
train,1036各工况段数据+总览1.xlsx,段2_86-90s,1860,27.859999999999999,6.0563269822990522,13.505761925813172,-11.026163807355488,597.32947165625444,1036各工况段数据+总览1.xlsx|段2_86-90s|1860,27860,1036各工况段数据+总览1.xlsx::段2_86-90s
train,1036各工况段数据+总览1.xlsx,段2_86-90s,1870,27.870000000000005,6.0266474830639885,13.543657845049005,-11.195428772071832,599.72070739258936,1036各工况段数据+总览1.xlsx|段2_86-90s|1870,27870,1036各工况段数据+总览1.xlsx::段2_86-90s
train,1036各工况段数据+总览1.xlsx,段2_86-90s,1880,27.879999999999995,6.0407358743444846,13.61815468655977,-11.31081673525641,601.8296981345087,1036各工况段数据+总览1.xlsx|段2_86-90s|1880,27880,1036各工况段数据+总览1.xlsx::段2_86-90s
train,1036各工况段数据+总览1.xlsx,段2_86-90s,1890,27.890000000000001,6.0935479550412879,13.714658798054336,-11.376280977689186,603.44325392336077,1036各工况段数据+总览1.xlsx|段2_86-90s|1890,27890,1036各工况段数据+总览1.xlsx::段2_86-90s
train,1036各工况段数据+总览1.xlsx,段2_86-90s,1900,27.900000000000009,6.1718931814207263,13.816927392369609,-11.408873623640581,604.36580062535131,1036各工况段数据+总览1.xlsx|段2_86-90s|1900,27900,1036各工况段数据+总览1.xlsx::段2_86-90s
train,1036各工况段数据+总览1.xlsx,段2_86-90s,1910,27.91,6.2601800189025081,13.911110473808908,-11.423813127913505,604.4438526803508,1036各工况段数据+总览1.xlsx|段2_86-90s|1910,27910,1036各工况段数据+总览1.xlsx::段2_86-90s
train,1036各工况段数据+总览1.xlsx,段2_86-90s,1920,27.920000000000002,6.3431825720965076,13.986893699979484,-11.428248622919847,603.67002280652252,1036各工况段数据+总览1.xlsx|段2_86-90s|1920,27920,1036各工况段数据+总览1.xlsx::段2_86-90s
train,1036各工况段数据+总览1.xlsx,段2_86-90s,1930,27.930000000000007,6.4073874587937576,14.03856619805331,-11.425692855697728,602.28823920971968,1036各工况段数据+总览1.xlsx|段2_86-90s|1930,27930,1036各工况段数据+总览1.xlsx::段2_86-90s
train,1036各工况段数据+总览1.xlsx,段2_86-90s,1940,27.940000000000001,6.4419079381376729,14.064263473318764,-11.419899895834291,600.76756955193798,1036各工况段数据+总览1.xlsx|段2_86-90s|1940,27940,1036各工况段数据+总览1.xlsx::段2_86-90s
train,1036各工况段数据+总览1.xlsx,段2_86-90s,1950,27.950000000000003,6.4394565187513866,14.064920952504966,-11.414385473807917,599.62821733468115,1036各工况段数据+总览1.xlsx|段2_86-90s|1950,27950,1036各工况段数据+总览1.xlsx::段2_86-90s
train,1036各工况段数据+总览1.xlsx,段2_86-90s,1960,27.959999999999997,6.3979983014009116,14.042757903614524,-11.408507788543163,599.22422749595785,1036各工况段数据+总览1.xlsx|段2_86-90s|1960,27960,1036各工况段数据+总览1.xlsx::段2_86-90s
train,1036各工况段数据+总览1.xlsx,段2_86-90s,1970,27.969999999999999,6.3224032375286132,14.001288076259156,-11.3946662430766,599.60305803306676,1036各工况段数据+总览1.xlsx|段2_86-90s|1970,27970,1036各工况段数据+总览1.xlsx::段2_86-90s
train,1036各工况段数据+总览1.xlsx,段2_86-90s,1980,27.980000000000004,6.2241815686066229,13.947000724232442,-11.361647090746228,600.5037261783051,1036各工况段数据+总览1.xlsx|段2_86-90s|1980,27980,1036各工况段数据+总览1.xlsx::段2_86-90s
train,1036各工况段数据+总览1.xlsx,段2_86-90s,1990,27.989999999999995,6.1190422069772445,13.890289694076261,-11.301302787949249,601.47952793369893,1036各工况段数据+总览1.xlsx|段2_86-90s|1990,27990,1036各工况段数据+总览1.xlsx::段2_86-90s
train,1036各工况段数据+总览1.xlsx,段2_86-90s,2000,28,6.0240143317437767,13.843076122489006,-11.215295058927556,602.0844135496061,1036各工况段数据+总览1.xlsx|段2_86-90s|2000,28000,1036各工况段数据+总览1.xlsx::段2_86-90s
train,1036各工况段数据+总览1.xlsx,段2_86-90s,2010,28.010000000000005,5.9532102097851221,13.814039983929849,-11.116470329622407,602.04536474111251,1036各工况段数据+总览1.xlsx|段2_86-90s|2010,28010,1036各工况段数据+总览1.xlsx::段2_86-90s
train,1036各工况段数据+总览1.xlsx,段2_86-90s,2020,28.02,5.9131159090063123,13.804006298117754,-11.024544785827308,601.35057943144329,1036各工况段数据+总览1.xlsx|段2_86-90s|2020,28020,1036各工况段数据+总览1.xlsx::段2_86-90s
train,1036各工况段数据+总览1.xlsx,段2_86-90s,2030,28.030000000000001,5.9001147809475603,13.805248668207859,-10.957983083191678,600.23056975967086,1036各工况段数据+总览1.xlsx|段2_86-90s|2030,28030,1036各工况段数据+总览1.xlsx::段2_86-90s
train,1036各工况段数据+总览1.xlsx,段2_86-90s,2040,28.040000000000006,5.9026036284053838,13.807423671322608,-10.927005884775747,599.05056115307002,1036各工况段数据+总览1.xlsx|段2_86-90s|2040,28040,1036各工况段数据+总览1.xlsx::段2_86-90s
train,1036各工况段数据+总览1.xlsx,段2_86-90s,2050,28.050000000000001,5.9073442079042335,13.804805227333338,-10.930433628263261,598.17140310126672,1036各工况段数据+总览1.xlsx|段2_86-90s|2050,28050,1036各工况段数据+总览1.xlsx::段2_86-90s
train,1036各工况段数据+总览1.xlsx,段2_86-90s,2060,28.059999999999999,5.906725190892538,13.800932511593023,-10.956498983356347,597.84012703235749,1036各工况段数据+总览1.xlsx|段2_86-90s|2060,28060,1036各工况段数据+总览1.xlsx::段2_86-90s
train,1036各工况段数据+总览1.xlsx,段2_86-90s,2070,28.069999999999997,5.9010804426238526,13.807442017548436,-10.988070381694479,598.12801217647541,1036各工况段数据+总览1.xlsx|段2_86-90s|2070,28070,1036各工况段数据+总览1.xlsx::段2_86-90s
train,1036各工况段数据+总览1.xlsx,段2_86-90s,2080,28.079999999999998,5.8961097416762636,13.83864984476164,-11.009827895412981,598.91916176134316,1036各工况段数据+总览1.xlsx|段2_86-90s|2080,28080,1036各工况段数据+总览1.xlsx::段2_86-90s
train,1036各工况段数据+总览1.xlsx,段2_86-90s,2090,28.090000000000003,5.896349785413082,13.905227549677289,-11.01513698641952,599.95354528052576,1036各工况段数据+总览1.xlsx|段2_86-90s|2090,28090,1036各工况段数据+总览1.xlsx::段2_86-90s
train,1036各工况段数据+总览1.xlsx,段2_86-90s,2100,28.099999999999994,5.9000014575900526,14.009517514191824,-11.007971524964988,600.91896708229149,1036各工况段数据+总览1.xlsx|段2_86-90s|2100,28100,1036各工况段数据+总览1.xlsx::段2_86-90s
train,1036各工况段数据+总览1.xlsx,段2_86-90s,2110,28.109999999999999,5.8988987586627992,14.143916307228604,-11.000852457690236,601.56569324109978,1036各工况段数据+总览1.xlsx|段2_86-90s|2110,28110,1036各工况段数据+总览1.xlsx::段2_86-90s
train,1036各工况段数据+总览1.xlsx,段2_86-90s,2120,28.120000000000005,5.8837779562342511,14.291722547892466,-11.007566745806038,601.79399099721581,1036各工况段数据+总览1.xlsx|段2_86-90s|2120,28120,1036各工况段数据+总览1.xlsx::段2_86-90s
train,1036各工况段数据+总览1.xlsx,段2_86-90s,2130,28.129999999999995,5.8495107502899364,14.430455760471776,-11.035327505016486,601.6746815098752,1036各工况段数据+总览1.xlsx|段2_86-90s|2130,28130,1036各工况段数据+总览1.xlsx::段2_86-90s
train,1036各工况段数据+总览1.xlsx,段2_86-90s,2140,28.140000000000001,5.7976973484188825,14.536738472162424,-11.080913102940046,601.38701193807458,1036各工况段数据+总览1.xlsx|段2_86-90s|2140,28140,1036各工况段数据+总览1.xlsx::段2_86-90s
train,1036各工况段数据+总览1.xlsx,段2_86-90s,2150,28.150000000000009,5.7347327513878925,14.591982103675852,-11.133841268440998,601.11738818019978,1036各工况段数据+总览1.xlsx|段2_86-90s|2150,28150,1036各工况段数据+总览1.xlsx::段2_86-90s
train,1036各工况段数据+总览1.xlsx,段2_86-90s,2160,28.16,5.6679702675229597,14.586766966572505,-11.184931760254845,600.98819937254018,1036各工况段数据+总览1.xlsx|段2_86-90s|2160,28160,1036各工况段数据+总览1.xlsx::段2_86-90s
train,1036各工况段数据+总览1.xlsx,段2_86-90s,2170,28.170000000000002,5.6032010629725137,14.52395548890577,-11.233623869723161,601.03687886595003,1036各工况段数据+总览1.xlsx|段2_86-90s|2170,28170,1036各工况段数据+总览1.xlsx::段2_86-90s
train,1036各工况段数据+总览1.xlsx,段2_86-90s,2180,28.180000000000007,5.5434919608519859,14.418046721307173,-11.2890851625514,601.23706293374596,1036各工况段数据+总览1.xlsx|段2_86-90s|2180,28180,1036各工况段数据+总览1.xlsx::段2_86-90s
train,1036各工况段数据+总览1.xlsx,段2_86-90s,2190,28.190000000000001,5.4910231267223564,14.292573579658615,-11.362438347216449,601.5490101251122,1036各工况段数据+总览1.xlsx|段2_86-90s|2190,28190,1036各工况段数据+总览1.xlsx::段2_86-90s
train,1036各工况段数据+总览1.xlsx,段2_86-90s,2200,28.200000000000003,5.4490076360005038,14.173952447572786,-11.455896793104484,601.95699634306288,1036各工况段数据+总览1.xlsx|段2_86-90s|2200,28200,1036各工况段数据+总览1.xlsx::段2_86-90s
train,1036各工况段数据+总览1.xlsx,段2_86-90s,2210,28.209999999999997,5.4228236198104884,14.085181031799936,-11.558201377466157,602.45595314221976,1036各工况段数据+总览1.xlsx|段2_86-90s|2210,28210,1036各工况段数据+总览1.xlsx::段2_86-90s
train,1036各工况段数据+总览1.xlsx,段2_86-90s,2220,28.219999999999999,5.4191567753758321,14.039346613806964,-11.652320512824154,603.00433326519897,1036各工况段数据+总览1.xlsx|段2_86-90s|2220,28220,1036各工况段数据+总览1.xlsx::段2_86-90s
train,1036各工况段数据+总览1.xlsx,段2_86-90s,2230,28.230000000000004,5.4442447654418569,14.035082917986289,-11.728174430831702,603.48680867891699,1036各工况段数据+总览1.xlsx|段2_86-90s|2230,28230,1036各工况段数据+总览1.xlsx::段2_86-90s
train,1036各工况段数据+总览1.xlsx,段2_86-90s,2240,28.239999999999995,5.5018189351074795,14.05777199586214,-11.790280402109367,603.72285828901613,1036各工况段数据+总览1.xlsx|段2_86-90s|2240,28240,1036各工况段数据+总览1.xlsx::段2_86-90s
train,1036各工况段数据+总览1.xlsx,段2_86-90s,2250,28.25,5.5913269500734328,14.087092690619436,-11.85237648553378,603.53201191420453,1036各工况段数据+总览1.xlsx|段2_86-90s|2250,28250,1036各工况段数据+总览1.xlsx::段2_86-90s
train,1036各工况段数据+总览1.xlsx,段2_86-90s,2260,28.260000000000005,5.7060899934936291,14.108329007328576,-11.923076593629892,602.82799694360585,1036各工况段数据+总览1.xlsx|段2_86-90s|2260,28260,1036各工况段数据+总览1.xlsx::段2_86-90s
train,1036各工况段数据+总览1.xlsx,段2_86-90s,2270,28.27,5.8332063223757711,14.118156647396621,-11.995100879785054,601.69147024926099,1036各工况段数据+总览1.xlsx|段2_86-90s|2270,28270,1036各工况段数据+总览1.xlsx::段2_86-90s
train,1036各工况段数据+总览1.xlsx,段2_86-90s,2280,28.280000000000001,5.955079888129637,14.121945209640336,-12.046821766159429,600.35028400665203,1036各工况段数据+总览1.xlsx|段2_86-90s|2280,28280,1036各工况段数据+总览1.xlsx::段2_86-90s
train,1036各工况段数据+总览1.xlsx,段2_86-90s,2290,28.290000000000006,6.0528720063917794,14.124309805343367,-12.05521150838076,599.06893368427757,1036各工况段数据+总览1.xlsx|段2_86-90s|2290,28290,1036各工况段数据+总览1.xlsx::段2_86-90s
train,1036各工况段数据+总览1.xlsx,段2_86-90s,2300,28.300000000000001,6.1111664970991626,14.1224247240528,-12.010806383762104,598.04119095009889,1036各工况段数据+总览1.xlsx|段2_86-90s|2300,28300,1036各工况段数据+总览1.xlsx::段2_86-90s
train,1036各工况段数据+总览1.xlsx,段2_86-90s,2310,28.309999999999999,6.1222393843016949,14.106610677855,-11.924575706119168,597.35319516834647,1036各工况段数据+总览1.xlsx|段2_86-90s|2310,28310,1036各工况段数据+总览1.xlsx::段2_86-90s
train,1036各工况段数据+总览1.xlsx,段2_86-90s,2320,28.319999999999997,6.0882852151137117,14.06927522106534,-11.822989468500698,597.01065696528883,1036各工况段数据+总览1.xlsx|段2_86-90s|2320,28320,1036各工况段数据+总览1.xlsx::段2_86-90s
train,1036各工况段数据+总览1.xlsx,段2_86-90s,2330,28.329999999999998,6.0207764506113204,14.01468203863935,-11.734290481253918,596.96838309398777,1036各工况段数据+总览1.xlsx|段2_86-90s|2330,28330,1036各工况段数据+总览1.xlsx::段2_86-90s
train,1036各工况段数据+总览1.xlsx,段2_86-90s,2340,28.340000000000003,5.9371784477321796,13.960344958828699,-11.674438456282497,597.13446615318003,1036各工况段数据+总览1.xlsx|段2_86-90s|2340,28340,1036各工况段数据+总览1.xlsx::段2_86-90s
train,1036各工况段数据+总览1.xlsx,段2_86-90s,2350,28.349999999999994,5.855476679039386,13.928657877983625,-11.641779096515634,597.38196387471442,1036各工况段数据+总览1.xlsx|段2_86-90s|2350,28350,1036各工况段数据+总览1.xlsx::段2_86-90s
train,1036各工况段数据+总览1.xlsx,段2_86-90s,2360,28.359999999999999,5.7887662638332316,13.934044471848052,-11.621609631480414,597.59057786041922,1036各工况段数据+总览1.xlsx|段2_86-90s|2360,28360,1036各工况段数据+总览1.xlsx::段2_86-90s
train,1036各工况段数据+总览1.xlsx,段2_86-90s,2370,28.370000000000005,5.7419384021429405,13.974744332518371,-11.597301033566096,597.69248333534006,1036各工况段数据+总览1.xlsx|段2_86-90s|2370,28370,1036各工况段数据+总览1.xlsx::段2_86-90s
train,1036各工况段数据+总览1.xlsx,段2_86-90s,2380,28.379999999999995,5.7129105285498083,14.034048544849751,-11.560665637137545,597.69317380249583,1036各工况段数据+总览1.xlsx|段2_86-90s|2380,28380,1036各工况段数据+总览1.xlsx::段2_86-90s
train,1036各工况段数据+总览1.xlsx,段2_86-90s,2390,28.390000000000001,5.6959707466020246,14.089221569357187,-11.516182359580164,597.66440128781073,1036各工况段数据+总览1.xlsx|段2_86-90s|2390,28390,1036各工况段数据+总览1.xlsx::段2_86-90s
train,1036各工况段数据+总览1.xlsx,段2_86-90s,2400,28.400000000000009,5.684845899322382,14.122715134333127,-11.477009510114849,597.72084105939723,1036各工况段数据+总览1.xlsx|段2_86-90s|2400,28400,1036各工况段数据+总览1.xlsx::段2_86-90s
train,1036各工况段数据+总览1.xlsx,段2_86-90s,2410,28.41,5.6746896970818348,14.130891310217359,-11.456086894466464,597.98288441234615,1036各工况段数据+总览1.xlsx|段2_86-90s|2410,28410,1036各工况段数据+总览1.xlsx::段2_86-90s
train,1036各工况段数据+总览1.xlsx,段2_86-90s,2420,28.420000000000002,5.6630000585700122,14.123339138821628,-11.459276212951238,598.50297802752732,1036各工况段数据+总览1.xlsx|段2_86-90s|2420,28420,1036各工况段数据+总览1.xlsx::段2_86-90s
train,1036各工况段数据+总览1.xlsx,段2_86-90s,2430,28.430000000000007,5.6491326755619351,14.115393288288686,-11.483263740271491,599.16692226894122,1036各工况段数据+总览1.xlsx|段2_86-90s|2430,28430,1036各工况段数据+总览1.xlsx::段2_86-90s
train,1036各工况段数据+总览1.xlsx,段2_86-90s,2440,28.440000000000001,5.6330709615779071,14.11799948515984,-11.517711308403646,599.66520244895412,1036各工况段数据+总览1.xlsx|段2_86-90s|2440,28440,1036各工况段数据+总览1.xlsx::段2_86-90s
train,1036各工况段数据+总览1.xlsx,段2_86-90s,2450,28.450000000000003,5.6144386544726963,14.132026027891628,-11.548555421063313,599.61484148186855,1036各工况段数据+总览1.xlsx|段2_86-90s|2450,28450,1036各工况段数据+总览1.xlsx::段2_86-90s
train,1036各工况段数据+总览1.xlsx,段2_86-90s,2460,28.459999999999997,5.5932416706482044,14.150030599834004,-11.561582384637539,598.77324159475438,1036各工况段数据+总览1.xlsx|段2_86-90s|2460,28460,1036各工况段数据+总览1.xlsx::段2_86-90s
train,1036各工况段数据+总览1.xlsx,段2_86-90s,2470,28.469999999999999,5.5709656642677405,14.163503321266528,-11.54631936307474,597.19760726004483,1036各工况段数据+总览1.xlsx|段2_86-90s|2470,28470,1036各工况段数据+总览1.xlsx::段2_86-90s
train,1036各工况段数据+总览1.xlsx,段2_86-90s,2480,28.480000000000004,5.5507330648557724,14.169606920369812,-11.499753025292772,595.26261504858542,1036各工况段数据+总览1.xlsx|段2_86-90s|2480,28480,1036各工况段数据+总览1.xlsx::段2_86-90s
train,1036各工况段数据+总览1.xlsx,段2_86-90s,2490,28.489999999999995,5.5361792370551157,14.170721177892762,-11.428224724300565,593.53386385998078,1036各工况段数据+总览1.xlsx|段2_86-90s|2490,28490,1036各工况段数据+总览1.xlsx::段2_86-90s
train,1036各工况段数据+总览1.xlsx,段2_86-90s,2500,28.5,5.52940358445914,14.170292267791968,-11.344803581804676,592.53913853689403,1036各工况段数据+总览1.xlsx|段2_86-90s|2500,28500,1036各工况段数据+总览1.xlsx::段2_86-90s
train,1036各工况段数据+总览1.xlsx,段2_86-90s,2510,28.510000000000005,5.5297326185852844,14.168086898986855,-11.264778796173704,592.54217846360677,1036各工况段数据+总览1.xlsx|段2_86-90s|2510,28510,1036各工况段数据+总览1.xlsx::段2_86-90s
train,1036各工况段数据+总览1.xlsx,段2_86-90s,2520,28.52,5.5347182116248685,14.160747149499482,-11.200442411826764,593.44263090980223,1036各工况段数据+总览1.xlsx|段2_86-90s|2520,28520,1036各工况段数据+总览1.xlsx::段2_86-90s
train,1036各工况段数据+总览1.xlsx,段2_86-90s,2530,28.530000000000001,5.5430732482458884,14.144736804132638,-11.15813162899374,594.84684097407069,1036各工况段数据+总览1.xlsx|段2_86-90s|2530,28530,1036各工况段数据+总览1.xlsx::段2_86-90s
train,1036各工况段数据+总览1.xlsx,段2_86-90s,2540,28.540000000000006,5.5569787745109833,14.119615217465512,-11.137715988000298,596.25791517359846,1036各工况段数据+总览1.xlsx|段2_86-90s|2540,28540,1036各工况段数据+总览1.xlsx::段2_86-90s
train,1036各工况段数据+总览1.xlsx,段2_86-90s,2550,28.550000000000001,5.5812285037690517,14.089395422874626,-11.133854743998674,597.27311500156316,1036各工况段数据+总览1.xlsx|段2_86-90s|2550,28550,1036各工况段数据+总览1.xlsx::段2_86-90s
train,1036各工况段数据+总览1.xlsx,段2_86-90s,2560,28.559999999999999,5.6193448090439606,14.059986704599662,-11.139236341557789,597.70510123509803,1036各工况段数据+总览1.xlsx|段2_86-90s|2560,28560,1036各工况段数据+总览1.xlsx::段2_86-90s
train,1036各工况段数据+总览1.xlsx,段2_86-90s,2570,28.569999999999997,5.668826178154279,14.035153306537168,-11.147559080481866,597.59524726967322,1036各工况段数据+总览1.xlsx|段2_86-90s|2570,28570,1036各工况段数据+总览1.xlsx::段2_86-90s
train,1036各工况段数据+总览1.xlsx,段2_86-90s,2580,28.579999999999998,5.7186545808801856,14.013674540032872,-11.155039166140304,597.13782310852889,1036各工况段数据+总览1.xlsx|段2_86-90s|2580,28580,1036各工况段数据+总览1.xlsx::段2_86-90s
train,1036各工况段数据+总览1.xlsx,段2_86-90s,2590,28.590000000000003,5.7518748513554323,13.992035603341137,-11.159950596740726,596.57040284102357,1036各工况段数据+总览1.xlsx|段2_86-90s|2590,28590,1036各工况段数据+总览1.xlsx::段2_86-90s
train,1036各工况段数据+总览1.xlsx,段2_86-90s,2600,28.599999999999994,5.7529641467900987,13.968758702362106,-11.163139448423973,596.08787386669371,1036各工况段数据+总览1.xlsx|段2_86-90s|2600,28600,1036各工况段数据+总览1.xlsx::段2_86-90s
train,1036各工况段数据+总览1.xlsx,段2_86-90s,2610,28.609999999999999,5.7164202591895723,13.946284626526973,-11.168372026418226,595.8063532827457,1036各工况段数据+总览1.xlsx|段2_86-90s|2610,28610,1036各工况段数据+总览1.xlsx::段2_86-90s
train,1036各工况段数据+总览1.xlsx,段2_86-90s,2620,28.620000000000005,5.6510606898217164,13.929001943633221,-11.18152620204169,595.76574268782679,1036各工况段数据+总览1.xlsx|段2_86-90s|2620,28620,1036各工况段数据+总览1.xlsx::段2_86-90s
train,1036各工况段数据+总览1.xlsx,段2_86-90s,2630,28.629999999999995,5.576808605401272,13.918368195759092,-11.208766993702048,595.9410431045693,1036各工况段数据+总览1.xlsx|段2_86-90s|2630,28630,1036各工况段数据+总览1.xlsx::段2_86-90s
train,1036各工况段数据+总览1.xlsx,段2_86-90s,2640,28.640000000000001,5.515845743085829,13.909741896923199,-11.254188366363612,596.24183529552909,1036各工况段数据+总览1.xlsx|段2_86-90s|2640,28640,1036各工况段数据+总览1.xlsx::段2_86-90s
train,1036各工况段数据+总览1.xlsx,段2_86-90s,2650,28.650000000000009,5.4836681735143564,13.893992099807676,-11.317304053313729,596.51926341440628,1036各工况段数据+总览1.xlsx|段2_86-90s|2650,28650,1036各工况段数据+总览1.xlsx::段2_86-90s
train,1036各工况段数据+总览1.xlsx,段2_86-90s,2660,28.66,5.4843883445136656,13.86477521588807,-11.392670133644533,596.60851285881176,1036各工况段数据+总览1.xlsx|段2_86-90s|2660,28660,1036各工况段数据+总览1.xlsx::段2_86-90s
train,1036各工况段数据+总览1.xlsx,段2_86-90s,2670,28.670000000000002,5.5117252681817188,13.824394510302763,-11.471993439983594,596.40303598904586,1036各工况段数据+总览1.xlsx|段2_86-90s|2670,28670,1036各工况段数据+总览1.xlsx::段2_86-90s
train,1036各工况段数据+总览1.xlsx,段2_86-90s,2680,28.680000000000007,5.5537749991245136,13.784614769601088,-11.548228979515139,595.91254245291975,1036各工况段数据+总览1.xlsx|段2_86-90s|2680,28680,1036各工况段数据+总览1.xlsx::段2_86-90s
train,1036各工况段数据+总览1.xlsx,段2_86-90s,2690,28.690000000000001,5.5985685702945984,13.759646356918678,-11.618564704735723,595.26649775781812,1036各工况段数据+总览1.xlsx|段2_86-90s|2690,28690,1036各工况段数据+总览1.xlsx::段2_86-90s
train,1036各工况段数据+总览1.xlsx,段2_86-90s,2700,28.700000000000003,5.6385974893620601,13.757877689670019,-11.684122824417036,594.66910247567262,1036各工况段数据+总览1.xlsx|段2_86-90s|2700,28700,1036各工况段数据+总览1.xlsx::段2_86-90s
train,1036各工况段数据+总览1.xlsx,段2_86-90s,2710,28.709999999999997,5.6727962097656128,13.777367639609553,-11.747953778380392,594.32852267932628,1036各工况段数据+总览1.xlsx|段2_86-90s|2710,28710,1036各工况段数据+总览1.xlsx::段2_86-90s
train,1036各工况段数据+总览1.xlsx,段2_86-90s,2720,28.719999999999999,5.7051874161389264,13.807107961884784,-11.811890744072269,594.39523233529667,1036各工况段数据+总览1.xlsx|段2_86-90s|2720,28720,1036各工况段数据+总览1.xlsx::段2_86-90s
train,1036各工况段数据+总览1.xlsx,段2_86-90s,2730,28.730000000000004,5.7409987538990617,13.832924829234246,-11.875154251787114,594.93195499020692,1036各工况段数据+总览1.xlsx|段2_86-90s|2730,28730,1036各工况段数据+总览1.xlsx::段2_86-90s
train,1036各工况段数据+总览1.xlsx,段2_86-90s,2740,28.739999999999995,5.7821229428382672,13.844635224053787,-11.934493662561978,595.89808754459966,1036各工况段数据+总览1.xlsx|段2_86-90s|2740,28740,1036各工况段数据+总览1.xlsx::段2_86-90s
train,1036各工况段数据+总览1.xlsx,段2_86-90s,2750,28.75,5.8249251638043855,13.840099220942784,-11.985594948510595,597.15894313809531,1036各工况段数据+总览1.xlsx|段2_86-90s|2750,28750,1036各工况段数据+总览1.xlsx::段2_86-90s
train,1036各工况段数据+总览1.xlsx,段2_86-90s,2760,28.760000000000005,5.8613521906130917,13.825478837996515,-12.02554091662468,598.52902598378876,1036各工况段数据+总览1.xlsx|段2_86-90s|2760,28760,1036各工况段数据+总览1.xlsx::段2_86-90s
train,1036各工况段数据+总览1.xlsx,段2_86-90s,2770,28.77,5.8830264895507591,13.813052821331572,-12.054691388693801,599.81595377323708,1036各工况段数据+总览1.xlsx|段2_86-90s|2770,28770,1036各工况段数据+总览1.xlsx::段2_86-90s
train,1036各工况段数据+总览1.xlsx,段2_86-90s,2780,28.780000000000001,5.885967910783207,13.814786119261155,-12.07580486612332,600.85321919201533,1036各工况段数据+总览1.xlsx|段2_86-90s|2780,28780,1036各工况段数据+总览1.xlsx::段2_86-90s
train,1036各工况段数据+总览1.xlsx,段2_86-90s,2790,28.790000000000006,5.8723690378113247,13.835380855343972,-12.090835071659594,601.52694071641213,1036各工况段数据+总览1.xlsx|段2_86-90s|2790,28790,1036各工况段数据+总览1.xlsx::段2_86-90s
train,1036各工况段数据+总览1.xlsx,段2_86-90s,2800,28.800000000000001,5.8486109486642297,13.867542320469283,-12.098337475058498,601.79691351816007,1036各工况段数据+总览1.xlsx|段2_86-90s|2800,28800,1036各工况段数据+总览1.xlsx::段2_86-90s
train,1036各工况段数据+总览1.xlsx,段2_86-90s,2810,28.809999999999999,5.820770095057016,13.894750950364376,-12.093899309974502,601.70653818451956,1036各工况段数据+总览1.xlsx|段2_86-90s|2810,28810,1036各工况段数据+总览1.xlsx::段2_86-90s
train,1036各工况段数据+总览1.xlsx,段2_86-90s,2820,28.819999999999997,5.7907995376808605,13.900503979735314,-12.07304457239713,601.36689659315812,1036各工况段数据+总览1.xlsx|段2_86-90s|2820,28820,1036各工况段数据+总览1.xlsx::段2_86-90s
train,1036各工况段数据+总览1.xlsx,段2_86-90s,2830,28.829999999999998,5.7562827641262881,13.876459145921748,-12.034312864868053,600.92364968381582,1036各工况段数据+总览1.xlsx|段2_86-90s|2830,28830,1036各工况段数据+总览1.xlsx::段2_86-90s
train,1036各工况段数据+总览1.xlsx,段2_86-90s,2840,28.840000000000003,5.7134040182715324,13.825333268163016,-11.979973851310886,600.51925486452171,1036各工况段数据+总览1.xlsx|段2_86-90s|2840,28840,1036各工况段数据+总览1.xlsx::段2_86-90s
train,1036各工况段数据+总览1.xlsx,段2_86-90s,2850,28.849999999999994,5.6613946089806886,13.757248953594388,-11.914013037675604,600.25061757543813,1036各工况段数据+总览1.xlsx|段2_86-90s|2850,28850,1036各工况段数据+总览1.xlsx::段2_86-90s
train,1036各工况段数据+总览1.xlsx,段2_86-90s,2860,28.859999999999999,5.6051127323965897,13.685327298096016,-11.839719628342481,600.1344174770993,1036各工况段数据+总览1.xlsx|段2_86-90s|2860,28860,1036各工况段数据+总览1.xlsx::段2_86-90s
train,1036各工况段数据+总览1.xlsx,段2_86-90s,2870,28.870000000000005,5.5537296350233838,13.622881740399183,-11.7605687803214,600.08684901248819,1036各工况段数据+总览1.xlsx|段2_86-90s|2870,28870,1036各工况段数据+总览1.xlsx::段2_86-90s
train,1036各工况段数据+总览1.xlsx,段2_86-90s,2880,28.879999999999995,5.5161629097378775,13.582259244610141,-11.68226496485836,599.93486157387065,1036各工况段数据+总览1.xlsx|段2_86-90s|2880,28880,1036各工况段数据+总览1.xlsx::段2_86-90s
train,1036各工况段数据+总览1.xlsx,段2_86-90s,2890,28.890000000000001,5.4972993835944228,13.573072545009998,-11.612227262407863,599.49412192751311,1036各工况段数据+总览1.xlsx|段2_86-90s|2890,28890,1036各工况段数据+总览1.xlsx::段2_86-90s
train,1036各工况段数据+总览1.xlsx,段2_86-90s,2900,28.900000000000009,5.4968112304478609,13.599169906160816,-11.556035163022525,598.68650678058771,1036各工况段数据+总览1.xlsx|段2_86-90s|2900,28900,1036各工况段数据+总览1.xlsx::段2_86-90s
train,1036各工况段数据+总览1.xlsx,段2_86-90s,2910,28.91,5.5103942564617387,13.657921711812085,-11.512158128519539,597.60616438877969,1036各工况段数据+总览1.xlsx|段2_86-90s|2910,28910,1036各工况段数据+总览1.xlsx::段2_86-90s
train,1036各工况段数据+总览1.xlsx,段2_86-90s,2920,28.920000000000002,5.5325710802975276,13.7423376832302,-11.471667730745416,596.49081459983029,1036各工况段数据+总览1.xlsx|段2_86-90s|2920,28920,1036各工况段数据+总览1.xlsx::段2_86-90s
train,1036各工况段数据+总览1.xlsx,段2_86-90s,2930,28.930000000000007,5.5584831121319631,13.844427848789412,-11.422716443604148,595.63842658810177,1036各工况段数据+总览1.xlsx|段2_86-90s|2930,28930,1036各工况段数据+总览1.xlsx::段2_86-90s
train,1036各工况段数据+总览1.xlsx,段2_86-90s,2940,28.940000000000001,5.5847714866222127,13.955963587775098,-11.358240947399633,595.30352540429101,1036各工况段数据+总览1.xlsx|段2_86-90s|2940,28940,1036各工况段数据+总览1.xlsx::段2_86-90s
train,1036各工况段数据+总览1.xlsx,段2_86-90s,2950,28.950000000000003,5.6094793363700948,14.0672494525404,-11.280765484925279,595.59819322858516,1036各工况段数据+总览1.xlsx|段2_86-90s|2950,28950,1036各工况段数据+总览1.xlsx::段2_86-90s
train,1036各工况段数据+总览1.xlsx,段2_86-90s,2960,28.959999999999997,5.6318261156588703,14.166025633257656,-11.200900281127636,596.44576425143259,1036各工况段数据+总览1.xlsx|段2_86-90s|2960,28960,1036各工况段数据+总览1.xlsx::段2_86-90s
train,1036各工况段数据+总览1.xlsx,段2_86-90s,2970,28.969999999999999,5.6524319144106174,14.239345091559359,-11.1310634498425,597.61968582817531,1036各工况段数据+总览1.xlsx|段2_86-90s|2970,28970,1036各工况段数据+总览1.xlsx::段2_86-90s
train,1036各工况段数据+总览1.xlsx,段2_86-90s,2980,28.980000000000004,5.6735955143978281,14.277423406191607,-11.0777382035721,598.84284945159243,1036各工况段数据+总览1.xlsx|段2_86-90s|2980,28980,1036各工况段数据+总览1.xlsx::段2_86-90s
train,1036各工况段数据+总览1.xlsx,段2_86-90s,2990,28.989999999999995,5.6978429331381681,14.277608291642034,-11.038275803119934,599.88754171877656,1036各工况段数据+总览1.xlsx|段2_86-90s|2990,28990,1036各工况段数据+总览1.xlsx::段2_86-90s
train,1036各工况段数据+总览1.xlsx,段2_86-90s,3000,29,5.7257288587246844,14.246324670040661,-11.004325410213305,600.6283695839237,1036各工况段数据+总览1.xlsx|段2_86-90s|3000,29000,1036各工况段数据+总览1.xlsx::段2_86-90s
train,1036各工况段数据+总览1.xlsx,段2_86-90s,3010,29.010000000000005,5.754377665458823,14.198109173769858,-10.969145092430017,601.05048323051403,1036各工况段数据+总览1.xlsx|段2_86-90s|3010,29010,1036各工况段数据+总览1.xlsx::段2_86-90s
train,1036各工况段数据+总览1.xlsx,段2_86-90s,3020,29.02,5.7784890360137036,14.152229361366585,-10.933754494506443,601.25049018630875,1036各工况段数据+总览1.xlsx|段2_86-90s|3020,29020,1036各工况段数据+总览1.xlsx::段2_86-90s
train,1036各工况段数据+总览1.xlsx,段2_86-90s,3030,29.030000000000001,5.7932920418850804,14.126475226126235,-10.907774844375878,601.41722777690279,1036各工况段数据+总览1.xlsx|段2_86-90s|3030,29030,1036各工况段数据+总览1.xlsx::段2_86-90s
train,1036各工况段数据+总览1.xlsx,段2_86-90s,3040,29.040000000000006,5.7973070302112095,14.129228041910142,-10.905115495741075,601.75153872036492,1036各工况段数据+总览1.xlsx|段2_86-90s|3040,29040,1036各工况段数据+总览1.xlsx::段2_86-90s
train,1036各工况段数据+总览1.xlsx,段2_86-90s,3050,29.050000000000001,5.792916111983617,14.153584967360656,-10.937362747271653,602.35560879278376,1036各工况段数据+总览1.xlsx|段2_86-90s|3050,29050,1036各工况段数据+总览1.xlsx::段2_86-90s
train,1036各工况段数据+总览1.xlsx,段2_86-90s,3060,29.059999999999999,5.7844778934692878,14.177469174857585,-11.007986242809563,603.16706898054395,1036各工况段数据+总览1.xlsx|段2_86-90s|3060,29060,1036各工况段数据+总览1.xlsx::段2_86-90s
train,1036各工况段数据+总览1.xlsx,段2_86-90s,3070,29.069999999999997,5.775160245731664,14.172824291222319,-11.109451436318832,603.9758616510901,1036各工况段数据+总览1.xlsx|段2_86-90s|3070,29070,1036各工况段数据+总览1.xlsx::段2_86-90s
train,1036各工况段数据+总览1.xlsx,段2_86-90s,3080,29.079999999999998,5.7642536962970325,14.120124047427083,-11.225011618102126,604.5093171100192,1036各工况段数据+总览1.xlsx|段2_86-90s|3080,29080,1036各工况段数据+总览1.xlsx::段2_86-90s
train,1036各工况段数据+总览1.xlsx,段2_86-90s,3090,29.090000000000003,5.7469418642815313,14.020155013919259,-11.335274106172523,604.5402405670585,1036各工况段数据+总览1.xlsx|段2_86-90s|3090,29090,1036各工况段数据+总览1.xlsx::段2_86-90s
train,1036各工况段数据+总览1.xlsx,段2_86-90s,3100,29.099999999999994,5.7171409267187716,13.896969521207955,-11.425914143755383,603.96069107883193,1036各工况段数据+总览1.xlsx|段2_86-90s|3100,29100,1036各工况段数据+总览1.xlsx::段2_86-90s
train,1036各工况段数据+总览1.xlsx,段2_86-90s,3110,29.109999999999999,5.6727224411231596,13.78850829915118,-11.49243546549285,602.80034338299379,1036各工况段数据+总览1.xlsx|段2_86-90s|3110,29110,1036各工况段数据+总览1.xlsx::段2_86-90s
train,1036各工况段数据+总览1.xlsx,段2_86-90s,3120,29.120000000000005,5.6193722289009802,13.73034663100086,-11.539171229242733,601.2178242130808,1036各工况段数据+总览1.xlsx|段2_86-90s|3120,29120,1036各工况段数据+总览1.xlsx::段2_86-90s
train,1036各工况段数据+总览1.xlsx,段2_86-90s,3130,29.129999999999995,5.5705733241562925,13.74000999774176,-11.574772085590634,599.4773910099625,1036各工况段数据+总览1.xlsx|段2_86-90s|3130,29130,1036各工况段数据+总览1.xlsx::段2_86-90s
train,1036各工况段数据+总览1.xlsx,段2_86-90s,3140,29.140000000000001,5.5428744191856927,13.809529697148728,-11.607138098478778,597.89299874614767,1036各工况段数据+总览1.xlsx|段2_86-90s|3140,29140,1036各工况段数据+总览1.xlsx::段2_86-90s
train,1036各工况段数据+总览1.xlsx,段2_86-90s,3150,29.150000000000009,5.5489778448954636,13.909970154917396,-11.640348046879332,596.73606028615518,1036各工况段数据+总览1.xlsx|段2_86-90s|3150,29150,1036各工况段数据+总览1.xlsx::段2_86-90s
train,1036各工况段数据+总览1.xlsx,段2_86-90s,3160,29.16,5.5921075528066346,14.004052195821879,-11.674943976022991,596.14504128608667,1036各工况段数据+总览1.xlsx|段2_86-90s|3160,29160,1036各工况段数据+总览1.xlsx::段2_86-90s
train,1036各工况段数据+总览1.xlsx,段2_86-90s,3170,29.170000000000002,5.6640075629352413,14.060014120127974,-11.709793068356744,596.08733963261261,1036各工况段数据+总览1.xlsx|段2_86-90s|3170,29170,1036各工况段数据+总览1.xlsx::段2_86-90s
train,1036各工况段数据+总览1.xlsx,段2_86-90s,3180,29.180000000000007,5.7479158610139054,14.062995083849041,-11.743609612774566,596.39794638506248,1036各工况段数据+总览1.xlsx|段2_86-90s|3180,29180,1036各工况段数据+总览1.xlsx::段2_86-90s
train,1036各工况段数据+总览1.xlsx,段2_86-90s,3190,29.190000000000001,5.8244886013083423,14.019010379526094,-11.775313453529414,596.88141579913645,1036各工况段数据+总览1.xlsx|段2_86-90s|3190,29190,1036各工况段数据+总览1.xlsx::段2_86-90s
train,1036各工况段数据+总览1.xlsx,段2_86-90s,3200,29.200000000000003,5.8783212860094114,13.950641370597513,-11.803764780665032,597.41554026980043,1036各工况段数据+总览1.xlsx|段2_86-90s|3200,29200,1036各工况段数据+总览1.xlsx::段2_86-90s
train,1036各工况段数据+总览1.xlsx,段2_86-90s,3210,29.209999999999997,5.9019862718936285,13.886808486375411,-11.827513593774365,597.97902712809525,1036各工况段数据+总览1.xlsx|段2_86-90s|3210,29210,1036各工况段数据+总览1.xlsx::段2_86-90s
train,1036各工况段数据+总览1.xlsx,段2_86-90s,3220,29.219999999999999,5.8974722885245088,13.850764159540081,-11.844389747574844,598.58799756442249,1036各工况段数据+总览1.xlsx|段2_86-90s|3220,29220,1036各工况段数据+总览1.xlsx::段2_86-90s
train,1036各工况段数据+总览1.xlsx,段2_86-90s,3230,29.230000000000004,5.8742802627559465,13.852252326384995,-11.85049017534155,599.2155850681479,1036各工况段数据+总览1.xlsx|段2_86-90s|3230,29230,1036各工况段数据+总览1.xlsx::段2_86-90s
train,1036各工况段数据+总览1.xlsx,段2_86-90s,3240,29.239999999999995,5.8456846864634926,13.88461788635809,-11.839505317479922,599.75597480884187,1036各工况段数据+总览1.xlsx|段2_86-90s|3240,29240,1036各工况段数据+总览1.xlsx::段2_86-90s
train,1036各工况段数据+总览1.xlsx,段2_86-90s,3250,29.25,5.8239770573040941,13.928771531087676,-11.804096698171024,600.05176078507225,1036各工况段数据+总览1.xlsx|段2_86-90s|3250,29250,1036各工况段数据+总览1.xlsx::段2_86-90s
train,1036各工况段数据+总览1.xlsx,段2_86-90s,3260,29.260000000000005,5.8162427343379148,13.96207649311618,-11.740353732319674,599.96341612650986,1036各工况段数据+总览1.xlsx|段2_86-90s|3260,29260,1036各工况段数据+总览1.xlsx::段2_86-90s
train,1036各工况段数据+总览1.xlsx,段2_86-90s,3270,29.27,5.8222479973650092,13.968988603138383,-11.653083355551022,599.43000787914218,1036各工况段数据+总览1.xlsx|段2_86-90s|3270,29270,1036各工况段数据+总览1.xlsx::段2_86-90s
train,1036各工况段数据+总览1.xlsx,段2_86-90s,3280,29.280000000000001,5.8351138176905124,13.946812754817076,-11.557478291817752,598.50063524583334,1036各工况段数据+总览1.xlsx|段2_86-90s|3280,29280,1036各工况段数据+总览1.xlsx::段2_86-90s
train,1036各工况段数据+总览1.xlsx,段2_86-90s,3290,29.290000000000006,5.8446047084598609,13.904843309233026,-11.475463233652144,597.32851410124147,1036各工况段数据+总览1.xlsx|段2_86-90s|3290,29290,1036各工况段数据+总览1.xlsx::段2_86-90s
train,1036各工况段数据+总览1.xlsx,段2_86-90s,3300,29.300000000000001,5.8416415926678091,13.858488634837665,-11.425298343469285,596.13031506777759,1036各工况段数据+总览1.xlsx|段2_86-90s|3300,29300,1036各工况段数据+总览1.xlsx::段2_86-90s
train,1036各工况段数据+总览1.xlsx,段2_86-90s,3310,29.309999999999999,5.8226428555918703,13.822134648574249,-11.411263113811357,595.12747011219983,1036各工况段数据+总览1.xlsx|段2_86-90s|3310,29310,1036各工况段数据+总览1.xlsx::段2_86-90s
train,1036各工况段数据+总览1.xlsx,段2_86-90s,3320,29.319999999999997,5.7908822414557184,13.805240579010997,-11.420980600555094,594.49319901610806,1036各工况段数据+总览1.xlsx|段2_86-90s|3320,29320,1036各工况段数据+总览1.xlsx::段2_86-90s
train,1036各工况段数据+总览1.xlsx,段2_86-90s,3330,29.329999999999998,5.7548731720987298,13.81200367298463,-11.433027936655758,594.32731048673418,1036各工况段数据+总览1.xlsx|段2_86-90s|3330,29330,1036各工况段数据+总览1.xlsx::段2_86-90s
train,1036各工况段数据+总览1.xlsx,段2_86-90s,3340,29.340000000000003,5.7247465070750447,13.843743469227087,-11.428407443141426,594.67062589450018,1036各工况段数据+总览1.xlsx|段2_86-90s|3340,29340,1036各工况段数据+总览1.xlsx::段2_86-90s
train,1036各工况段数据+总览1.xlsx,段2_86-90s,3350,29.349999999999994,5.7086331186218535,13.900458701077197,-11.39936915924388,595.53284559987037,1036各工况段数据+总览1.xlsx|段2_86-90s|3350,29350,1036各工况段数据+总览1.xlsx::段2_86-90s
train,1036各工况段数据+总览1.xlsx,段2_86-90s,3360,29.359999999999999,5.7101364245049444,13.980003324784924,-11.351175841341488,596.88800276053234,1036各工况段数据+总览1.xlsx|段2_86-90s|3360,29360,1036各工况段数据+总览1.xlsx::段2_86-90s
train,1036各工况段数据+总览1.xlsx,段2_86-90s,3370,29.370000000000005,5.7269621855449726,14.076813979434608,-11.298555593354989,598.63235872719338,1036各工况段数据+总览1.xlsx|段2_86-90s|3370,29370,1036各工况段数据+总览1.xlsx::段2_86-90s
train,1036各工况段数据+总览1.xlsx,段2_86-90s,3380,29.379999999999995,5.7519094544572615,14.180811811731626,-11.259101230480145,600.54826380909697,1036各工况段数据+总览1.xlsx|段2_86-90s|3380,29380,1036各工况段数据+总览1.xlsx::段2_86-90s
train,1036各工况段数据+总览1.xlsx,段2_86-90s,3390,29.390000000000001,5.7759875128582001,14.279281086118059,-11.245302274947379,602.33788240808565,1036各工况段数据+总览1.xlsx|段2_86-90s|3390,29390,1036各工况段数据+总览1.xlsx::段2_86-90s
train,1036各工况段数据+总览1.xlsx,段2_86-90s,3400,29.400000000000009,5.7922844337974047,14.360573620718212,-11.258756355897056,603.71205274563147,1036各工况段数据+总览1.xlsx|段2_86-90s|3400,29400,1036各工况段数据+总览1.xlsx::段2_86-90s
train,1036各工况段数据+总览1.xlsx,段2_86-90s,3410,29.41,5.798055771099949,14.418652511415978,-11.288380701630148,604.45657951557916,1036各工况段数据+总览1.xlsx|段2_86-90s|3410,29410,1036各工况段数据+总览1.xlsx::段2_86-90s
train,1036各工况段数据+总览1.xlsx,段2_86-90s,3420,29.420000000000002,5.7943392769895388,14.455287335845432,-11.314381355652593,604.47695152982283,1036各工况段数据+总览1.xlsx|段2_86-90s|3420,29420,1036各工况段数据+总览1.xlsx::段2_86-90s
train,1036各工况段数据+总览1.xlsx,段2_86-90s,3430,29.430000000000007,5.7837878920642725,14.478665081982694,-11.316625665321864,603.83906192491611,1036各工况段数据+总览1.xlsx|段2_86-90s|3430,29430,1036各工况段数据+总览1.xlsx::段2_86-90s
train,1036各工况段数据+总览1.xlsx,段2_86-90s,3440,29.440000000000001,5.7678035752156216,14.49893206885751,-11.283446514983313,602.76057723094652,1036各工况段数据+总览1.xlsx|段2_86-90s|3440,29440,1036各工况段数据+总览1.xlsx::段2_86-90s
train,1036各工况段数据+总览1.xlsx,段2_86-90s,3450,29.450000000000003,5.7450828756924883,14.522759101019012,-11.217187675154117,601.53440924893789,1036各工况段数据+总览1.xlsx|段2_86-90s|3450,29450,1036各工况段数据+总览1.xlsx::段2_86-90s
train,1036各工况段数据+总览1.xlsx,段2_86-90s,3460,29.459999999999997,5.7121533136136877,14.550302796493041,-11.133453229929742,600.42444872558531,1036各工况段数据+总览1.xlsx|段2_86-90s|3460,29460,1036各工况段数据+总览1.xlsx::段2_86-90s
train,1036各工况段数据+总览1.xlsx,段2_86-90s,3470,29.469999999999999,5.6657978074208186,14.575405252550365,-11.054299800211645,599.58125244707458,1036各工况段数据+总览1.xlsx|段2_86-90s|3470,29470,1036各工况段数据+总览1.xlsx::段2_86-90s
train,1036各工况段数据+总览1.xlsx,段2_86-90s,3480,29.480000000000004,5.6063671215876516,14.588483971733702,-10.998692509009132,599.00993721041971,1036各工况段数据+总览1.xlsx|段2_86-90s|3480,29480,1036各工况段数据+总览1.xlsx::段2_86-90s
train,1036各工况段数据+总览1.xlsx,段2_86-90s,3490,29.489999999999995,5.5399375789645644,14.580110765787897,-10.97580165209836,598.59890960954692,1036各工况段数据+总览1.xlsx|段2_86-90s|3490,29490,1036各工况段数据+总览1.xlsx::段2_86-90s
train,1036各工况段数据+总览1.xlsx,段2_86-90s,3500,29.5,5.4780154026361476,14.54391396768189,-10.983347020617796,598.19481187008239,1036各工况段数据+总览1.xlsx|段2_86-90s|3500,29500,1036各工况段数据+总览1.xlsx::段2_86-90s
train,1036各工况段数据+总览1.xlsx,段2_86-90s,3510,29.510000000000005,5.4342947592071074,14.478201241167415,-11.010830725051292,597.6927173853735,1036各工况段数据+总览1.xlsx|段2_86-90s|3510,29510,1036各工况段数据+总览1.xlsx::段2_86-90s
train,1036各工况段数据+总览1.xlsx,段2_86-90s,3520,29.52,5.419363151501809,14.387184980651377,-11.047322356180596,597.10025508588217,1036各工况段数据+总览1.xlsx|段2_86-90s|3520,29520,1036各工况段数据+总览1.xlsx::段2_86-90s
train,1036各工况段数据+总览1.xlsx,段2_86-90s,3530,29.530000000000001,5.4364189852553695,14.280347663016098,-11.089321449231168,596.53498956369151,1036各工况段数据+总览1.xlsx|段2_86-90s|3530,29530,1036各工况段数据+总览1.xlsx::段2_86-90s
train,1036各工况段数据+总览1.xlsx,段2_86-90s,3540,29.540000000000006,5.4803692984748684,14.171039131532686,-11.142424531716753,596.15293073571695,1036各工况段数据+总览1.xlsx|段2_86-90s|3540,29540,1036各工况段数据+总览1.xlsx::段2_86-90s
train,1036各工况段数据+总览1.xlsx,段2_86-90s,3550,29.550000000000001,5.5403046483170781,14.073703542190534,-11.215476319446417,596.05724583006918,1036各工况段数据+总览1.xlsx|段2_86-90s|3550,29550,1036各工况段数据+总览1.xlsx::段2_86-90s
train,1036各工况段数据+总览1.xlsx,段2_86-90s,3560,29.559999999999999,5.6039939022413003,14.000242603609436,-11.311365454124882,596.2445118558901,1036各工况段数据+总览1.xlsx|段2_86-90s|3560,29560,1036各工况段数据+总览1.xlsx::段2_86-90s
train,1036各工况段数据+总览1.xlsx,段2_86-90s,3570,29.569999999999997,5.6615677163302021,13.956994102937166,-11.42158979528034,596.61629005938528,1036各工况段数据+总览1.xlsx|段2_86-90s|3570,29570,1036各工况段数据+总览1.xlsx::段2_86-90s
train,1036各工况段数据+总览1.xlsx,段2_86-90s,3580,29.579999999999998,5.707139500844935,13.944698217681516,-11.530058984724301,597.04140227599385,1036各工况段数据+总览1.xlsx|段2_86-90s|3580,29580,1036各工况段数据+总览1.xlsx::段2_86-90s
train,1036各工况段数据+总览1.xlsx,段2_86-90s,3590,29.590000000000003,5.7384472227094259,13.959906958277616,-11.62168519552711,597.42309248217191,1036各工况段数据+总览1.xlsx|段2_86-90s|3590,29590,1036各工况段数据+总览1.xlsx::段2_86-90s
train,1036各工况段数据+总览1.xlsx,段2_86-90s,3600,29.599999999999994,5.7555567640704686,13.996571174385434,-11.69025856202213,597.73322569013601,1036各工况段数据+总览1.xlsx|段2_86-90s|3600,29600,1036各工况段数据+总览1.xlsx::段2_86-90s
train,1036各工况段数据+总览1.xlsx,段2_86-90s,3610,29.609999999999999,5.7613472543630255,14.046419472481221,-11.739581813376317,598.00859925563668,1036各工况段数据+总览1.xlsx|段2_86-90s|3610,29610,1036各工况段数据+总览1.xlsx::段2_86-90s
train,1036各工况段数据+总览1.xlsx,段2_86-90s,3620,29.620000000000005,5.7615914043634762,14.098953998788025,-11.779229679896105,598.3262963393023,1036各工况段数据+总览1.xlsx|段2_86-90s|3620,29620,1036各工况段数据+总览1.xlsx::段2_86-90s
train,1036各工况段数据+总览1.xlsx,段2_86-90s,3630,29.629999999999995,5.7640492353645305,14.142304998777384,-11.816931161320984,598.7659271418662,1036各工况段数据+总览1.xlsx|段2_86-90s|3630,29630,1036各工况段数据+总览1.xlsx::段2_86-90s
train,1036各工况段数据+总览1.xlsx,段2_86-90s,3640,29.640000000000001,5.7759019127589584,14.166103724268511,-11.853078190303682,599.36187182097547,1036各工况段数据+总览1.xlsx|段2_86-90s|3640,29640,1036各工况段数据+总览1.xlsx::段2_86-90s
train,1036各工况段数据+总览1.xlsx,段2_86-90s,3650,29.650000000000009,5.8001985155843645,14.164749965532923,-11.880219957596188,600.07425992082415,1036各工况段数据+总览1.xlsx|段2_86-90s|3650,29650,1036各工况段数据+总览1.xlsx::段2_86-90s
train,1036各工况段数据+总览1.xlsx,段2_86-90s,3660,29.66,5.8329250563652684,14.13996707125678,-11.888778411661663,600.7993218130714,1036各工况段数据+总览1.xlsx|段2_86-90s|3660,29660,1036各工况段数据+总览1.xlsx::段2_86-90s
train,1036各工况段数据+总览1.xlsx,段2_86-90s,3670,29.670000000000002,5.8640258368755855,14.100258887578653,-11.875113409964657,601.4115008067871,1036各工况段数据+总览1.xlsx|段2_86-90s|3670,29670,1036各工况段数据+总览1.xlsx::段2_86-90s
train,1036各工况段数据+总览1.xlsx,段2_86-90s,3680,29.680000000000007,5.881159196124254,14.056991359928343,-11.846231224938949,601.81535089415377,1036各工况段数据+总览1.xlsx|段2_86-90s|3680,29680,1036各工况段数据+总览1.xlsx::段2_86-90s
train,1036各工况段数据+总览1.xlsx,段2_86-90s,3690,29.690000000000001,5.8745710849705812,14.021505922455212,-11.817593057296907,601.97820333220989,1036各工况段数据+总览1.xlsx|段2_86-90s|3690,29690,1036各工况段数据+总览1.xlsx::段2_86-90s
train,1036各工况段数据+总览1.xlsx,段2_86-90s,3700,29.700000000000003,5.8398345772025992,14.003206559828859,-11.804039834548885,601.92185621929389,1036各工况段数据+总览1.xlsx|段2_86-90s|3700,29700,1036各工况段数据+总览1.xlsx::段2_86-90s
train,1036各工况段数据+总览1.xlsx,段2_86-90s,3710,29.709999999999997,5.77797187246167,14.0095438429487,-11.809726224969555,601.68175043933581,1036各工况段数据+总览1.xlsx|段2_86-90s|3710,29710,1036各工况段数据+总览1.xlsx::段2_86-90s
train,1036各工况段数据+总览1.xlsx,段2_86-90s,3720,29.719999999999999,5.6954804316439374,14.043728616505554,-11.82444148864934,601.26821688294899,1036各工况段数据+总览1.xlsx|段2_86-90s|3720,29720,1036各工况段数据+总览1.xlsx::段2_86-90s
train,1036各工况段数据+总览1.xlsx,段2_86-90s,3730,29.730000000000004,5.6032201124507619,14.101212943552484,-11.828808609220175,600.65298927827428,1036各工况段数据+总览1.xlsx|段2_86-90s|3730,29730,1036各工况段数据+总览1.xlsx::段2_86-90s
train,1036各工况段数据+总览1.xlsx,段2_86-90s,3740,29.739999999999995,5.5141179302827936,14.167209213916184,-11.805610922502888,599.79336609173981,1036各工况段数据+总览1.xlsx|段2_86-90s|3740,29740,1036各工况段数据+总览1.xlsx::段2_86-90s
train,1036各工况段数据+总览1.xlsx,段2_86-90s,3750,29.75,5.4395929934108924,14.218948223700234,-11.749803232671988,598.68702869354138,1036各工况段数据+总览1.xlsx|段2_86-90s|3750,29750,1036各工况段数据+总览1.xlsx::段2_86-90s
train,1036各工况段数据+总览1.xlsx,段2_86-90s,3760,29.760000000000005,5.3852882989634514,14.232823876242222,-11.670437344519264,597.41937045521831,1036各工况段数据+总览1.xlsx|段2_86-90s|3760,29760,1036各工况段数据+总览1.xlsx::段2_86-90s
train,1036各工况段数据+总览1.xlsx,段2_86-90s,3770,29.77,5.3484929871568561,14.192928368142804,-11.584320272725371,596.15865903836288,1036各工况段数据+总览1.xlsx|段2_86-90s|3770,29770,1036各工况段数据+总览1.xlsx::段2_86-90s
train,1036各工况段数据+总览1.xlsx,段2_86-90s,3780,29.780000000000001,5.3201359501691563,14.097970603928903,-11.50639956658944,595.09720109541786,1036各工况段数据+总览1.xlsx|段2_86-90s|3780,29780,1036各工况段数据+总览1.xlsx::段2_86-90s
train,1036各工况段数据+总览1.xlsx,段2_86-90s,3790,29.790000000000006,5.2898751095807484,13.961577152737179,-11.443476489771792,594.37621044592322,1036各工况段数据+总览1.xlsx|段2_86-90s|3790,29790,1036各工况段数据+总览1.xlsx::段2_86-90s
train,1036各工况段数据+总览1.xlsx,段2_86-90s,3800,29.800000000000001,5.2516372863641489,13.808066204541422,-11.393783160382664,594.03255804258151,1036各工况段数据+总览1.xlsx|段2_86-90s|3800,29800,1036各工况段数据+总览1.xlsx::段2_86-90s
train,1036各工况段数据+总览1.xlsx,段2_86-90s,3810,29.809999999999999,5.2070120643161966,13.66554477273429,-11.351015119084948,593.99461456000711,1036各工况段数据+总览1.xlsx|段2_86-90s|3810,29810,1036各工况段数据+总览1.xlsx::段2_86-90s
train,1036各工况段数据+总览1.xlsx,段2_86-90s,3820,29.819999999999997,5.1657636646851968,13.559445736243427,-11.309695854454963,594.13606867535259,1036各工况段数据+总览1.xlsx|段2_86-90s|3820,29820,1036各工况段数据+总览1.xlsx::段2_86-90s
train,1036各工况段数据+总览1.xlsx,段2_86-90s,3830,29.829999999999998,5.1427496624201341,13.506916231459474,-11.268008373128012,594.36113124348071,1036各工况段数据+总览1.xlsx|段2_86-90s|3830,29830,1036各工况段数据+总览1.xlsx::段2_86-90s
train,1036各工况段数据+总览1.xlsx,段2_86-90s,3840,29.840000000000003,5.1525984337980963,13.51262413271415,-11.226313463849234,594.65927527264682,1036各工况段数据+总览1.xlsx|段2_86-90s|3840,29840,1036各工况段数据+总览1.xlsx::段2_86-90s
train,1036各工况段数据+总览1.xlsx,段2_86-90s,3850,29.849999999999994,5.2030425632575881,13.567545083483791,-11.184525218806009,595.08572646252242,1036各工况段数据+总览1.xlsx|段2_86-90s|3850,29850,1036各工况段数据+总览1.xlsx::段2_86-90s
train,1036各工况段数据+总览1.xlsx,段2_86-90s,3860,29.859999999999999,5.2901991775629806,13.651339841391298,-11.141230262608008,595.6921521315744,1036各工况段数据+总览1.xlsx|段2_86-90s|3860,29860,1036各工况段数据+总览1.xlsx::段2_86-90s
train,1036各工况段数据+总览1.xlsx,段2_86-90s,3870,29.870000000000005,5.3984187536404153,13.737578249730884,-11.09603534788689,596.47227288188117,1036各工况段数据+总览1.xlsx|段2_86-90s|3870,29870,1036各工况段数据+总览1.xlsx::段2_86-90s
train,1036各工况段数据+总览1.xlsx,段2_86-90s,3880,29.879999999999995,5.5054603588057534,13.801967474846387,-11.052471889217829,597.36107559317691,1036各工况段数据+总览1.xlsx|段2_86-90s|3880,29880,1036各工况段数据+总览1.xlsx::段2_86-90s
train,1036各工况段数据+总览1.xlsx,段2_86-90s,3890,29.890000000000001,5.5914061764818461,13.831708440088816,-11.018970832991217,598.28224271705892,1036各工况段数据+总览1.xlsx|段2_86-90s|3890,29890,1036各工况段数据+总览1.xlsx::段2_86-90s
train,1036各工况段数据+总览1.xlsx,段2_86-90s,3900,29.900000000000009,5.645880036597946,13.832535059922296,-11.006660551147602,599.19325914710544,1036各工况段数据+总览1.xlsx|段2_86-90s|3900,29900,1036各工况段数据+总览1.xlsx::段2_86-90s
train,1036各工况段数据+总览1.xlsx,段2_86-90s,3910,29.91,5.6695656338414055,13.829058928806299,-11.026112063740566,600.08715974942641,1036各工况段数据+总览1.xlsx|段2_86-90s|3910,29910,1036各工况段数据+总览1.xlsx::段2_86-90s
train,1036各工况段数据+总览1.xlsx,段2_86-90s,3920,29.920000000000002,5.6698901713882845,13.855315185765948,-11.083963351699699,600.96778813736933,1036各工况段数据+总览1.xlsx|段2_86-90s|3920,29920,1036各工况段数据+总览1.xlsx::段2_86-90s
train,1036各工况段数据+总览1.xlsx,段2_86-90s,3930,29.930000000000007,5.6553548201822892,13.937921878981314,-11.180305221080239,601.82661930527172,1036各工况段数据+总览1.xlsx|段2_86-90s|3930,29930,1036各工况段数据+总览1.xlsx::段2_86-90s
train,1036各工况段数据+总览1.xlsx,段2_86-90s,3940,29.940000000000001,5.6323711652891078,14.079833608137706,-11.306024416667343,602.60435628447806,1036各工况段数据+总览1.xlsx|段2_86-90s|3940,29940,1036各工况段数据+总览1.xlsx::段2_86-90s
train,1036各工况段数据+总览1.xlsx,段2_86-90s,3950,29.950000000000003,5.606151070224028,14.255497064807546,-11.44339173094462,603.15368456397584,1036各工况段数据+总览1.xlsx|段2_86-90s|3950,29950,1036各工况段数据+总览1.xlsx::段2_86-90s
train,1036各工况段数据+总览1.xlsx,段2_86-90s,3960,29.959999999999997,5.5826485624377487,14.421300158178962,-11.570940216724594,603.28745071692492,1036各工况段数据+总览1.xlsx|段2_86-90s|3960,29960,1036各工况段数据+总览1.xlsx::段2_86-90s
train,1036各工况段数据+总览1.xlsx,段2_86-90s,3970,29.969999999999999,5.5693445272327606,14.536775539330719,-11.671703578259985,602.90606207020005,1036各工况段数据+总览1.xlsx|段2_86-90s|3970,29970,1036各工况段数据+总览1.xlsx::段2_86-90s
train,1036各工况段数据+总览1.xlsx,段2_86-90s,3980,29.980000000000004,5.5732784813538601,14.581433767003894,-11.74016194299397,602.10198034391613,1036各工况段数据+总览1.xlsx|段2_86-90s|3980,29980,1036各工况段数据+总览1.xlsx::段2_86-90s
train,1036各工况段数据+总览1.xlsx,段2_86-90s,3990,29.989999999999995,5.5978282071599477,14.558121389646049,-11.782665229030034,601.13989146914173,1036各工况段数据+总览1.xlsx|段2_86-90s|3990,29990,1036各工况段数据+总览1.xlsx::段2_86-90s
