case_name,voyage_id,steps,success_rate,solver_success_rate,solver_failure_count,infeasible_count,fallback_count,H2_total_kg,total_h2_cost,SOC_initial,SOC_min,SOC_max,SOC_final,SOC_final_minus_initial,SOC_mean_abs_deviation_from_ref,battery_throughput_kwh,battery_discharge_energy_kwh,battery_charge_energy_kwh,P_batt_mean_abs,P_batt_max,P_batt_min,P_fc_mean,P_fc_max,P_fc_min,fc_ramp_max,fc_ramp_violation_count,power_balance_violation_max,max_balance_violation_kw,max_ramp_violation_kw,max_soc_violation,battery_power_violation_max,fc_power_violation_max,SOC_violation_count,battery_power_violation_count,fc_power_violation_count,mean_total_ms,median_total_ms,p90_total_ms,p95_total_ms,p99_total_ms,max_total_ms
case_spec_norm_base,voyage_060,10651,1.0,1.0,0,0,0,38.9020501135565,38.9020501135565,0.55,0.5020392506080112,0.5499540016840093,0.5064112428058756,-0.0435887571941244,0.029732899103618,129.36914916648914,17.02797124243706,112.34117792405208,43.72631086276978,138.39610426184936,-137.5735879199191,242.38491231594531,475.6914728485309,-8.01773139446529e-05,14.490738276652904,0,0.0031216375453766,0.0031216375453766,0.0,0.0,0.0,8.01773139446529e-05,0,0,0,0.4402053792382177,0.1944999676197767,0.9886999614536762,1.295150024816394,1.951600075699389,10.650299955159426
case_spec_norm_base,voyage_061,10741,1.0,1.0,0,0,0,45.46075316939647,45.46075316939647,0.55,0.4775651230483396,0.5499547121346864,0.4845988676025837,-0.0654011323974163,0.0591690752839804,354.4639372665863,19.26297421418585,335.2009630524004,118.80366578155764,138.42980908101077,-138.64619004790242,281.06604384939044,490.3882609166305,-0.0001343225085806,47.99999894014144,0,0.0008787815500568,0.0008787815500568,0.0,0.0,0.0461900479024279,0.0001343225085806,0,0,0,0.6298802349583416,0.2988000633195042,1.3973000459372995,1.572999986819923,2.14243999216706,96.37159993872046
case_spec_norm_base,voyage_062,10651,1.0,1.0,0,0,0,44.96764136499394,44.96764136499394,0.55,0.4589343533307667,0.5499512789169831,0.4710640740117021,-0.0789359259882979,0.0731405524925478,341.1787093839051,25.343588348976176,315.8351210349289,115.31718653479092,138.35375742877272,-138.64457364903205,280.40584783957195,560.0485234414159,-8.074390357338317e-05,47.99999969404371,0,0.0023198283128635,0.0023198283128635,0.0,0.0,0.0445736490320598,0.0485234414159094,0,0,0,0.7447822265557469,0.6523999618366361,1.186900190077722,1.4916500658728182,3.4272499615326524,90.49019997473806
case_spec_norm_base,voyage_063,32371,0.9531988508232676,0.9531988508232676,1515,1370,0,155.90487525296857,155.90487525296857,0.55,0.4852908319220118,0.549953590709573,0.5067084167380567,-0.0432915832619433,0.0526557290209985,816.8657356349429,29.264863028052154,787.6008726068908,95.30453228823548,138.5328701854009,-138.6295410749142,332.68765343583647,560.0566407375068,-0.000115850794329,48.02214399938583,2,0.0041621285052997,0.0041621285052997,0.0221439993858325,0.0,0.0295410749142206,0.0566407375067683,0,0,0,0.4086925116391834,0.1865000231191516,0.3101000329479575,0.4789000377058983,6.874359969515308,24.82910011895001
case_spec_norm_base,voyage_064,7141,1.0,1.0,0,0,0,24.84114065805904,24.84114065805904,0.55,0.4865621360061778,0.549950970781735,0.4951211723518197,-0.0548788276481803,0.0517969210532658,223.68816572093849,19.151762706719104,204.5364030142194,112.76815524371636,138.54558258020165,-138.6096180272143,234.65091233379536,538.292760390038,-0.0001367408900376,47.99999975270055,0,0.0012132132364399,0.0012132132364399,0.0,0.0,0.0096180272143158,0.0001367408900376,0,0,0,0.2271878725629075,0.1866999082267284,0.3142000641673803,0.3316999645903706,0.4501799819990995,19.237800035625696
case_spec_norm_base,voyage_065,10741,1.0,1.0,0,0,0,40.58489855581867,40.58489855581867,0.55,0.4856080487840721,0.5499519925247827,0.4935050953502641,-0.0564949046497358,0.0490027327173153,310.9890505333496,31.69446896518476,279.29458156816474,104.23243477516604,138.4943825833787,-138.61922536015211,250.64628780407136,560.057449906902,-7.075327503400029e-05,41.01635434798885,0,0.0024629809267366,0.0024629809267366,0.0,0.0,0.0192253601521201,0.0574499069019793,0,0,0,0.3856521090874985,0.2053999342024326,0.888100010342896,0.9981999173760414,1.5973000554367922,41.75430000759661
case_spec_norm_base,voyage_066,10741,1.0,1.0,0,0,0,43.21183003723093,43.21183003723093,0.55,0.4925385658528728,0.5499522151020284,0.4980749983908737,-0.0519250016091263,0.0426336931716335,270.2909242546792,15.558246315744547,254.73267793893464,90.59187480838332,138.1813706884724,-138.6081990820802,264.51060454529164,560.0182896408782,-8.262256031706835e-05,47.99999310597079,0,0.00118012320047,0.00118012320047,0.0,0.0,0.0081990820802104,0.0182896408781516,0,0,0,0.2041172986048447,0.1822999911382794,0.2919000107795,0.3073000116273761,0.4351599840447316,20.208100089803334
case_spec_norm_more_batt,voyage_060,10651,1.0,1.0,0,0,0,31.597493207384684,31.597493207384684,0.55,0.5104232567130949,0.5499540054657565,0.5144430158492554,-0.0355569841507446,0.02375501375346,115.2687413536356,71.09079617278796,44.17794518084765,38.96042332861592,138.3681493374825,-138.60022591723907,201.07294197865625,376.7271124354583,-8.017622247296223e-05,11.671781610463938,0,0.0028758491576468,0.0028758491576468,0.0,0.0,0.0002259172390779,8.017622247296223e-05,0,0,0,0.2167765286121261,0.1873000292107463,0.3117000451311469,0.3426499897614121,0.5425499984994531,2.2335000103339557
case_spec_norm_more_batt,voyage_061,10741,1.0,1.0,0,0,0,44.92937047883654,44.92937047883654,0.55,0.4607002989969724,0.5499547161911341,0.474228371621811,-0.075771628378189,0.0693638130062093,355.2417342648733,24.25226682351744,330.9894674413558,119.064355586402,138.43950267030755,-138.63770402581798,277.98226111647455,490.3855531048471,-0.0001343277311581,47.99999947664526,0,0.0004029186416119,0.0004029186416119,0.0,0.0,0.0377040258179874,0.0001343277311581,0,0,0,0.2265207979150242,0.1897999318316579,0.3143000649288296,0.3420000430196523,0.5092999665066603,19.345999928191304
case_spec_norm_more_batt,voyage_062,10651,0.99990611210215,0.99990611210215,1,0,0,44.91302747291441,44.91302747291441,0.55,0.4592949581920332,0.5499512799315976,0.4746358668991711,-0.0753641331008289,0.0719186928342759,341.4273003422303,25.931125077952835,315.4961752642774,115.412045186106,138.3609430953672,-138.6470795383931,280.09215964361954,560.0488771792192,-8.074362412674739e-05,47.99999951988721,0,0.0020402980881577,0.0020402980881577,0.0,0.0,0.0470795383930919,0.0488771792191755,0,0,0,0.254513547450525,0.1841000048443675,0.3245000261813402,0.5362500087358057,1.1569500202313066,19.621199928224087
case_spec_norm_more_batt,voyage_063,32371,0.939266627536993,0.939266627536993,1966,1966,0,89.7192303677732,89.7192303677732,0.55,0.5133971148333387,0.549953593521344,0.5153865264556184,-0.0346134735443816,0.0289526096309208,575.0309889515834,442.24147880541926,132.78951014616408,68.08457688622595,138.6575762847421,-136.74254969872416,202.1452942967751,554.1675288296901,-0.0001158473773246,47.29228320353309,0,0.0019681223763541,0.0019681223763541,0.0,0.0,0.0575762847421117,0.0001158473773246,0,0,0,0.2575360473259998,0.1848000101745128,0.41790003888309,0.6377000827342272,1.1741899768821893,6.531900027766824
case_spec_norm_more_batt,voyage_064,7141,1.0,1.0,0,0,0,23.835387430014837,23.835387430014837,0.55,0.5086298731111232,0.5499509713291203,0.5119395883892977,-0.0380604116107023,0.0359161163320765,205.45522000764976,17.602354067184777,187.852865940465,103.57636073764726,138.55092430913368,-138.60409653130117,227.02132777954407,442.1900554992043,-0.0001366486463814,5.650397484144435,0,0.001212850368887,0.001212850368887,0.0,0.0,0.0040965313011724,0.0001366486463814,0,0,0,0.2125670354047255,0.1844000071287155,0.3075998974964022,0.3219000063836574,0.4474800312891605,0.7883000653237104
case_spec_norm_more_batt,voyage_065,10741,1.0,1.0,0,0,0,40.57120024899202,40.57120024899202,0.55,0.4740129645642476,0.5499519940574614,0.4829425616004809,-0.0670574383995191,0.057005494515446,317.6853279593132,35.10208072249132,282.5832472368219,106.4767880694095,138.50201030010197,-138.64197689407814,250.60642521820265,560.0576468932378,-7.076801645540682e-05,47.99999906704409,0,0.0017896853503884,0.0017896853503884,0.0,0.0,0.0419768940781466,0.057646893237802,0,0,0,0.2567104554084213,0.1854000147432088,0.4165000282227993,0.5526000168174505,0.928420014679433,19.49630002491176
case_spec_norm_more_batt,voyage_066,10741,0.9999068987989944,0.9999068987989944,1,0,0,43.81403799008207,43.81403799008207,0.55,0.4723918683278371,0.5499522167743719,0.4797628477346761,-0.0702371522653239,0.0569749260242104,292.03219852684714,21.36169160252775,270.6705069243194,97.88788777436216,138.55375328993523,-138.6392883199065,267.89675995419447,560.0432007827721,-8.262361046640568e-05,47.99999709458911,0,0.0007062163552404,0.0007062163552404,0.0,0.0,0.0392883199065181,0.0432007827721463,0,0,0,0.230255441367921,0.1854000147432088,0.3134000580757856,0.4304000176489353,0.6550999823957685,20.35140001680702
case_spec_norm_batt_conservative,voyage_060,10651,1.0,1.0,0,0,0,34.325259732652,34.325259732652,0.55,0.5059047869998342,0.5499539969581733,0.5074209867238905,-0.0425790132761095,0.0277613535643855,70.43943629881174,26.48150340495677,43.957932893854974,23.808278159395577,138.38673173096046,-133.98580852306205,216.0763564476493,446.9968867982603,-8.017867826491743e-05,47.99999969387221,0,0.0028438121964313,0.0028438121964313,0.0,0.0,0.0,8.017867826491743e-05,0,0,0,0.2200779365038994,0.1876999158412218,0.3065000055357814,0.3219500067643821,0.5134999519214034,19.62809998076409
case_spec_norm_batt_conservative,voyage_061,10741,1.0,1.0,0,0,0,37.75420083565452,37.75420083565452,0.55,0.4934625974198329,0.549954707064011,0.4967402675489313,-0.0532597324510686,0.0467473617000267,214.7082976503575,15.430173309415007,199.2781243409425,71.96256135753534,135.91029444929683,-136.14015911264332,236.7941618443676,406.0083173778369,-0.0001343159803916,47.99999781078088,0,0.0008313448564649,0.0008313448564649,0.0,0.0,0.0,0.0001343159803916,0,0,0,0.2051561676068447,0.1868000254034996,0.2908000024035573,0.3077000146731734,0.3657199908047915,19.72789992578328
case_spec_norm_batt_conservative,voyage_062,10651,1.0,1.0,0,0,0,44.49325309381708,44.49325309381708,0.55,0.4638750917783472,0.5499512776491491,0.4817716484305809,-0.068228351569419,0.0634012900456195,332.3919492515976,24.753064163476434,307.6388850881211,112.34729295894763,138.3447909652527,-138.643165841871,277.835147339438,560.0355385709313,-8.074425296217136e-05,47.99999997536145,0,0.0027856935516012,0.0027856935516012,0.0,0.0,0.0431658418710014,0.035538570931294,0,0,0,0.239319472190973,0.1888999249786138,0.3084000200033188,0.3397500258870423,1.037249981891364,19.297999911941588
case_spec_norm_batt_conservative,voyage_063,32371,0.951098205183652,0.951098205183652,1583,1503,0,121.64567894041082,121.64567894041082,0.55,0.5074149108027124,0.5499535871960229,0.5091783697453623,-0.0408216302546377,0.0391205919808836,235.32020020952223,31.90507803515173,203.4151221743705,27.51567886040925,138.5234007490605,-104.6666544316694,263.3181253854899,560.0500766340365,-0.0001158550654575,48.00000044543492,0,0.0041231272132336,0.0041231272132336,4.454349209481734e-07,0.0,0.0,0.0500766340364862,0,0,0,0.355055079955987,0.1837000017985701,0.3025999758392572,0.4278999986127019,5.271529976744203,21.560899913311005
case_spec_norm_batt_conservative,voyage_064,7141,1.0,1.0,0,0,0,17.68133194443683,17.68133194443683,0.55,0.5064599084569131,0.5499509700977185,0.508027974702918,-0.0419720252970819,0.0387892451186728,78.6154668128235,11.794900127531928,66.82056668529157,39.63249972359117,138.5366897373307,-69.6851380919196,168.9328965705831,477.3545523270837,-0.0001368392944568,47.99999930788394,0,0.0013302063740638,0.0013302063740638,0.0,0.0,0.0,0.0001368392944568,0,0,0,0.2060864854524711,0.1840000040829181,0.2976999385282397,0.3087000222876668,0.3890000516548754,19.27839999552816
case_spec_norm_batt_conservative,voyage_065,10741,1.0,1.0,0,0,0,31.385648685962792,31.385648685962792,0.55,0.5019951186294083,0.5499519906095527,0.5058780927673653,-0.0441219072326347,0.0375670769495262,139.96579056145623,28.84832808309162,111.1174624783646,46.91153952343752,138.48486571234088,-134.6463028708971,195.23323845941573,560.0472745691884,-7.073484841041659e-05,47.99999970956813,0,0.0022552218409828,0.0022552218409828,0.0,0.0,0.0,0.0472745691884028,0,0,0,0.2156450793725597,0.1867000246420502,0.3009999636560678,0.3137000603601336,0.5437599495053291,18.39690003544092
case_spec_norm_batt_conservative,voyage_066,10741,1.0,1.0,0,0,0,36.0977424277708,36.0977424277708,0.55,0.4991010376568827,0.5499522130123183,0.5005301700520565,-0.0494698299479435,0.0388838851059281,143.02822477202244,14.020707066590353,129.0075177054321,47.937958214252006,138.18208940069854,-129.2015277210325,222.8873402572752,546.7427568812508,-8.262124764621848e-05,39.62806483216536,0,0.0010122994457901,0.0010122994457901,0.0,0.0,0.0,8.262124764621848e-05,0,0,0,0.2014080537165747,0.179799972102046,0.2906000008806586,0.3040999872609973,0.4216599510982633,19.29079997353256
case_spec_norm_soc_safe,voyage_060,10651,1.0,1.0,0,0,0,48.67357049519583,48.67357049519583,0.55,0.5069763369375705,0.549950781013463,0.511172920193445,-0.038827079806555,0.0274546424541339,276.1285837032281,10.811251180765554,265.3173325224625,93.3304761366652,138.38681871917882,-138.6538086001591,296.1915635581831,560.0475695980489,-6.0318702229404855e-05,47.99999586489309,0,0.0031508372285031,0.0031508372285031,0.0,0.0,0.0538086001591011,0.0475695980488808,0,0,0,0.2068055107086615,0.1789999660104513,0.2903999993577599,0.3019000287167728,0.6685000844299793,19.03239998500794
case_spec_norm_soc_safe,voyage_061,10741,0.9999068987989944,0.9999068987989944,1,0,0,45.835037092916245,45.835037092916245,0.55,0.4950773621836923,0.5499514843181178,0.5007144222458993,-0.0492855777541006,0.0443155834568356,353.7643556214172,15.584338427916585,338.1800171935006,118.58023093455324,135.92666841380031,-138.64812286509795,283.2963188504531,490.3903466170828,-3.5628043132011334e-05,47.99999880372113,0,0.0007403706712807,0.0007403706712807,0.0,0.0,0.0481228650979517,3.5628043132011334e-05,0,0,0,0.2162141611335887,0.1841000048443675,0.3015999682247638,0.3119000466540456,0.4276199964806438,61.34330003987998
case_spec_norm_soc_safe,voyage_062,10651,1.0,1.0,0,0,0,45.081523587244654,45.081523587244654,0.55,0.464301269163105,0.5499466630425712,0.4734873070338148,-0.0765126929661851,0.069401156212335,340.864268897176,24.121894394126077,316.7423745030499,115.21090677211843,138.34276747676762,-138.64091818766394,281.1254291492773,560.0278130442205,-6.960194553012193e-05,47.99999928794773,0,0.0015319459590159,0.0015319459590159,0.0,0.0,0.0409181876639479,0.0278130442204656,0,0,0,0.2481940007052351,0.1856000162661075,0.3145999507978558,0.4460999625734985,1.0524000390432775,20.064700045622885
case_spec_norm_soc_safe,voyage_063,32371,0.9531679589756265,0.9531679589756265,1516,1334,0,167.21883525786424,167.21883525786424,0.55,0.4912731845093666,0.5499499512250074,0.5022792488634795,-0.0477207511365205,0.0490057145281954,994.6344867667073,24.05985636858171,970.5746303981256,116.04874906368973,138.5243835668898,-138.65350063112274,354.6323718800174,560.0600197783183,-8.487713602085592e-05,47.99999971202175,0,0.0022236701308884,0.0022236701308884,0.0,0.0,0.0535006311227448,0.060019778318292,0,0,0,0.4225753176768808,0.1859000185504555,0.3188999835401773,0.5630500963889062,6.749710021540518,25.02419997472316
case_spec_norm_soc_safe,voyage_064,7141,1.0,1.0,0,0,0,27.481120088499875,27.481120088499875,0.55,0.5015974756235622,0.5499460654519593,0.5054046849120676,-0.0445953150879324,0.0422457449285692,253.58320135722215,11.803634800636486,241.7795665565857,127.83917166867384,138.5367761511655,-138.6420742087219,257.1307726397436,560.0505438938151,-4.061772510818943e-05,48.00932504983439,1,0.0012381637536975,0.0012381637536975,0.0093250498343877,0.0,0.0420742087219139,0.0505438938150746,0,0,0,0.2194827202678315,0.1884999219328165,0.3072000108659267,0.3209999995306134,0.505559938028459,8.763699908740819
case_spec_norm_soc_safe,voyage_065,10741,1.0,1.0,0,0,0,41.267200406151,41.267200406151,0.55,0.4955265067299974,0.5499476879192585,0.5008962422948663,-0.0491037577051337,0.0417328177855059,316.5434916933217,28.697287814313302,287.8462038790084,106.09408528963394,138.48460486638842,-138.64623949573823,254.51702880590068,560.0631290275901,-5.3770852413005865e-05,23.25608126092476,0,0.0008100401078081,0.0008100401078081,0.0,0.0,0.0462394957382343,0.0631290275900937,0,0,0,0.2389556743628939,0.1849000109359622,0.3331999760121107,0.4876999882981181,0.8083199849352247,13.75049992930144
case_spec_norm_soc_safe,voyage_066,10741,1.0,1.0,0,0,0,44.72513823045593,44.72513823045593,0.55,0.4996449126449395,0.5499480230276683,0.5053304050320556,-0.0446695949679444,0.0373225272630895,291.84528092834086,13.676372349117155,278.1689085792237,97.81612618397048,138.18451902699934,-138.64357178714647,272.9963403385177,560.0411236196888,-6.559272542425355e-05,47.999997696822334,0,0.001218415705523,0.001218415705523,0.0,0.0,0.043571787146476,0.0411236196888467,0,0,0,0.2142720878186319,0.1814999850466847,0.3014999674633145,0.3466999623924494,0.6552000995725397,19.362299935892224
case_spec_norm_h2_low_fc_main,voyage_060,10651,1.0,1.0,0,0,0,49.01287612886931,49.01287612886931,0.55,0.5134820976101949,0.5499504513403166,0.5190843916339187,-0.0309156083660813,0.0222667664757952,278.1998293895639,8.974779664054548,269.22504972550934,94.03054978898038,138.3467136100712,-138.6536036763681,298.13307559601174,560.032691495943,-2.610074726125682e-05,47.99999865492612,0,0.003154925399059,0.003154925399059,0.0,0.0,0.0536036763681124,0.0326914959430268,0,0,0,0.2196213412496875,0.1835000002756714,0.3049999941140413,0.3309000167064369,0.6864000461064279,19.599699997343123
case_spec_norm_h2_low_fc_main,voyage_061,10741,1.0,1.0,0,0,0,46.04729742455039,46.04729742455039,0.55,0.4928346546275181,0.5499511154637049,0.5022182012972264,-0.0477817987027736,0.0460194128592272,355.55364932261244,14.711830402570898,340.8418189200416,119.16889838575597,135.82442561041756,-138.64381721157227,284.48203182475004,490.39073885490575,-4.1382079461455046e-05,47.99999831894718,0,0.0008716743739682,0.0008716743739682,0.0,0.0,0.043817211572275,4.1382079461455046e-05,0,0,0,0.2079942736672541,0.1823999918997287,0.3000999568030238,0.3120000474154949,0.4411200294271116,19.50509997550398
case_spec_norm_h2_low_fc_main,voyage_062,10651,0.99990611210215,0.99990611210215,1,0,0,45.14395475583775,45.14395475583775,0.55,0.4674053202679635,0.5499463515680215,0.4852026884486698,-0.0647973115513302,0.0632922543818408,340.55978049960635,23.349840394484342,317.209940105122,115.11879904212046,138.33769592701438,-138.65171863140918,281.55982610309223,560.031654873095,-3.023269291604407e-05,47.99999492190591,0,0.0014659947278801,0.0014659947278801,0.0,0.0,0.0517186314091873,0.0316548730950216,0,0,0,0.2482694487746987,0.1818999880924821,0.3203999949619174,0.501150032505393,1.041449955664575,19.32520000264049
case_spec_norm_h2_low_fc_main,voyage_063,32371,0.953445985604399,0.953445985604399,1507,1331,0,167.53941276592013,167.53941276592013,0.55,0.5069067766390553,0.5499494868900802,0.5122039706949286,-0.0377960293050714,0.0345540409061775,992.509206975338,20.80965512905376,971.699551846284,115.7670148104982,137.62225237670248,-138.65048428213683,355.23903643518327,560.0516660804811,-3.809944091732421e-05,48.00125832399027,1,0.0041382901248425,0.0041382901248425,0.001258323990271,0.0,0.0504842821368356,0.0516660804811408,0,0,0,0.4207872911778305,0.1823999918997287,0.3159999614581465,0.5702999769710004,6.823400035500525,22.046700003556907
case_spec_norm_h2_low_fc_main,voyage_064,7141,1.0,1.0,0,0,0,27.5655908685858,27.5655908685858,0.55,0.5049266018566488,0.5499457125199793,0.5065350385216111,-0.0434649614783889,0.039832947510373,253.6908947780474,11.12481865553602,242.56607612251145,127.89346326858572,138.5303495129936,-138.63168843964831,257.8694773805203,560.0496297212501,-2.526915611240372e-05,47.999998107379554,0,0.0009730219401262,0.0009730219401262,0.0,0.0,0.0316884396483203,0.0496297212500849,0,0,0,0.2161521356044987,0.1799000892788171,0.3029999788850546,0.3177999751642346,0.5672399653121832,19.42359993699938
case_spec_norm_h2_low_fc_main,voyage_065,10741,1.0,1.0,0,0,0,41.700095605536525,41.700095605536525,0.55,0.5104630096367667,0.5499473663626222,0.5141022217671866,-0.0358977782328134,0.0311014170880496,316.6074017643051,24.9802088190754,291.62719294522964,106.11550566534756,138.1064611524668,-138.64241656124014,257.03011496284967,560.0587071370787,-3.504112824273682e-05,47.99999870058065,0,0.0019606027295253,0.0019606027295253,0.0,0.0,0.0424165612401452,0.0587071370787271,0,0,0,0.2324304249454641,0.1818002201616764,0.3076000139117241,0.4292000085115433,0.7873600115999587,19.149600062519312
case_spec_norm_h2_low_fc_main,voyage_066,10741,1.0,1.0,0,0,0,44.84252274264655,44.84252274264655,0.55,0.5017550930718182,0.5499476656907119,0.5055248968606194,-0.0444751031393806,0.0359430403061812,292.30353907807927,12.901133803080487,279.4024052749987,97.96971796677082,138.18020701025563,-138.6366550402385,273.66958942955387,560.0351558945777,-2.35619210261794e-05,47.99999871773434,0,0.0009328526203375,0.0009328526203375,0.0,0.0,0.0366550402385144,0.035155894577656,0,0,0,0.2170467186659698,0.1836000010371208,0.3042999887838959,0.3235000185668468,0.6672200746834279,19.359400030225515
case_spec_norm_h2_high_economy,voyage_060,10651,1.0,1.0,0,0,0,33.55056314870519,33.55056314870519,0.55,0.5075176555722445,0.5499511540033768,0.5105765782728949,-0.0394234217271051,0.0259353463804498,118.97016846390702,56.56983150042297,62.40033696348405,40.21149248615766,138.3998325325037,-138.46774915464022,212.1400785042226,424.7102814842591,-0.0001426342408654,14.382869833307154,0,0.0029916658211845,0.0029916658211845,0.0,0.0,0.0,0.0001426342408654,0,0,0,0.2094857759013703,0.1845000078901648,0.3040999872609973,0.3154999576508999,0.4516500048339367,1.4734999276697636
case_spec_norm_h2_high_economy,voyage_061,10741,1.0,1.0,0,0,0,45.14535360786984,45.14535360786984,0.55,0.4657153577953638,0.5499524209481805,0.4713004705200394,-0.0786995294799606,0.0688299051754256,355.3548632522755,22.44234445173867,332.9125188005368,119.10227238694644,138.43087599511395,-138.63769406099664,279.2334209612805,490.3870947991648,-0.0001670025561422,47.99999870325036,0,0.0010636815033819,0.0010636815033819,0.0,0.0,0.0376940609966425,0.0001670025561422,0,0,0,0.2095952428925563,0.1780999591574072,0.2964000450447202,0.3078998997807503,0.4425999941304328,19.23049998003989
case_spec_norm_h2_high_economy,voyage_062,10651,0.99990611210215,0.99990611210215,1,0,0,44.9006610407073,44.9006610407073,0.55,0.4590560210996572,0.5499472142259165,0.4739179948600888,-0.0760820051399112,0.0724799491869094,341.0567263574302,25.846086599619923,315.2106397578102,115.28678074053978,138.3528192774128,-138.6394341248121,280.0275250984121,560.0357273780301,-0.0001106975369894,47.99999499223799,0,0.0009030734186126,0.0009030734186126,0.0,0.0,0.0394341248121179,0.0357273780300602,0,0,0,0.2385412821514368,0.1793000847101211,0.3083999035879969,0.430300016887486,0.8138999692164361,19.28610005415976
case_spec_norm_h2_high_economy,voyage_063,32371,0.9445182416360324,0.9445182416360324,1796,1795,0,109.19581831631032,109.19581831631032,0.55,0.5096740303045519,0.5499505420001419,0.5136467865054559,-0.0363532134945441,0.0324534829422496,400.4473648538866,198.26569085596915,202.1816739979176,47.14997591084192,138.59999962512433,-137.7280485451014,240.68141494417924,560.0100606155559,-6.514960975049223e-05,48.000001760590976,1,0.003864862330829,0.003864862330829,1.7605909761186922e-06,0.0,0.0,0.010060615555858,0,0,0,0.2624839518223202,0.1822999911382794,0.4140001256018877,0.6332499906420708,1.2916599749587474,19.464600016362965
case_spec_norm_h2_high_economy,voyage_064,7141,1.0,1.0,0,0,0,22.125342664237248,22.125342664237248,0.55,0.5079732192911866,0.549946699406923,0.5152859193425767,-0.0347140806574233,0.0354261681257231,160.58555486646344,11.328817848006754,149.25673701845668,80.95616825644426,138.54793621379892,-138.48709441513847,210.7264985647647,484.05239564371664,-0.0001526917816628,17.359292250655457,0,0.0012253704615261,0.0012253704615261,0.0,0.0,0.0,0.0001526917816628,0,0,0,0.2078730703634493,0.1838000025600195,0.305499997921288,0.3158999606966972,0.4259599838405848,0.8120000129565597
case_spec_norm_h2_high_economy,voyage_065,10741,1.0,1.0,0,0,0,40.69288391463372,40.69288391463372,0.55,0.4804057091637876,0.5499483118367074,0.4875569673817295,-0.0624430326182705,0.0532904536979117,316.4031219417644,33.48011886978559,282.9230030719788,106.04703835679656,138.49764767556132,-138.6522855948165,251.26394018609824,560.0584550370211,-8.704147430789276e-05,48.01583797816744,1,0.0023438208360744,0.0023438208360744,0.0158379781674398,0.0,0.0522855948165101,0.0584550370210763,0,0,0,0.2405852249424397,0.1880000345408916,0.31999999191612,0.4340000450611114,0.7895200047641999,19.984600017778572
case_spec_norm_h2_high_economy,voyage_066,10741,1.0,1.0,0,0,0,44.1043563059828,44.1043563059828,0.55,0.4806843455694067,0.549948604755934,0.4861340013386515,-0.0638659986613485,0.0517267258223413,291.9537246456805,18.94747880053176,273.0062458451488,97.85247264914348,138.54752439983358,-138.64577881017414,269.4993242845431,560.0489743126727,-9.734772273584628e-05,47.9999965037328,0,0.0012281934069164,0.0012281934069164,0.0,0.0,0.0457788101741414,0.0489743126727262,0,0,0,0.2196313750877846,0.1885999226942658,0.3105000359937548,0.3394000232219696,0.559960072860122,19.72530002240092
case_spec_norm_more_batt_soc_safe,voyage_060,10651,1.0,1.0,0,0,0,48.62841945413864,48.62841945413864,0.55,0.5036046649907311,0.5499507836975764,0.511097968773072,-0.038902031226928,0.0286086443771489,278.82695749240946,12.568378874512977,266.2585786178965,94.24251685031209,138.39127605879332,-138.64506342233028,295.91577769545427,560.0428780832555,-6.0317873227119207e-05,32.34579919913568,0,0.0024868847785342,0.0024868847785342,0.0,0.0,0.045063422330287,0.0428780832554593,0,0,0,0.2375527565787144,0.1810000976547598,0.3141999477520585,0.4595000064000487,1.0386000503785908,2.09490000270307
case_spec_norm_more_batt_soc_safe,voyage_061,10741,0.999813797597989,0.999813797597989,2,0,0,45.76211526059754,45.76211526059754,0.55,0.4884178659931278,0.5499514874122078,0.4993392474789034,-0.0506607525210966,0.049418566580426,355.38020351943044,17.01809631759199,338.36210720183846,119.13294838159509,138.4205246790039,-138.6370494895467,282.87201746745023,490.38158039006703,-3.605225362250949e-05,48.01231080556599,1,0.0007501127606417,0.0007501127606417,0.0123108055659884,0.0,0.0370494895467174,3.605225362250949e-05,0,0,0,0.2271884089070822,0.18069997895509,0.3037999849766493,0.3878000425174832,0.5648799939081077,68.67519998922944
case_spec_norm_more_batt_soc_safe,voyage_062,10651,0.99990611210215,0.99990611210215,1,0,0,45.03538666441802,45.03538666441802,0.55,0.4647757671120298,0.5499466637268583,0.4777878665288178,-0.0722121334711822,0.0677952472437056,340.5391545285117,24.35550568582019,316.1836488426915,115.1118268828772,138.3469923544939,-138.65406682291308,280.8676624793031,560.0260824162983,-6.962189412429749e-05,47.99999671800806,0,0.0008825133239724,0.0008825133239724,0.0,0.0,0.0540668229130858,0.0260824162983226,0,0,0,0.2461445591003353,0.180999981239438,0.3115000436082482,0.5250999820418656,1.1551499483175576,20.15860006213188
case_spec_norm_more_batt_soc_safe,voyage_063,32371,0.9533224182138332,0.9533224182138332,1511,1318,0,167.21737808032455,167.21737808032455,0.55,0.4850141605417988,0.5499499533496325,0.505954585128277,-0.044045414871723,0.0507105672277578,995.579873111748,25.035315205211628,970.5445579065364,116.14023147123436,138.52889337320082,-138.65060576664544,354.56748717648304,560.0626441720606,-8.48790141137936e-05,47.99999961787654,0,0.0008928850293159,0.0008928850293159,0.0,0.0,0.0506057666454466,0.0626441720605726,0,0,0,0.4319288806901119,0.1821001060307026,0.383000005967915,0.6551999831572175,7.1450399584136886,22.528499946929514
case_spec_norm_more_batt_soc_safe,voyage_064,7141,1.0,1.0,0,0,0,27.41897353595606,27.41897353595606,0.55,0.5004949675176196,0.5499460657964337,0.5045891328569019,-0.0454108671430981,0.0428668441625136,253.62838773945845,12.355614985274125,241.2727727541843,127.86195152808436,138.541321920474,-138.6406008402556,256.5970017529104,560.0420404009753,-4.061834469311651e-05,47.99999908336605,0,0.0007687847431157,0.0007687847431157,0.0,0.0,0.0406008402555926,0.0420404009753383,0,0,0,0.2215502730119092,0.1850000116974115,0.3085000207647681,0.3350999904796481,0.5529600195586686,19.667699933052063
case_spec_norm_more_batt_soc_safe,voyage_065,10741,1.0,1.0,0,0,0,41.08129139454482,41.08129139454482,0.55,0.4895258825660125,0.5499476890392656,0.4999109347903582,-0.0500890652096418,0.045401722005617,316.6198344796743,30.346425989165805,286.2734084905085,106.11967266798504,138.4891308377533,-138.64498826012806,253.4371530391333,560.0566267461933,-5.376495817817034e-05,48.03380445340838,1,0.0009514464943549,0.0009514464943549,0.0338044534083792,0.0,0.0449882601280648,0.0566267461932739,0,0,0,0.2497543714185848,0.1864999067038297,0.3288999432697892,0.4611999029293656,0.9407799923792488,19.578800187446177
case_spec_norm_more_batt_soc_safe,voyage_066,10741,1.0,1.0,0,0,0,44.67141577463899,44.67141577463899,0.55,0.4966195675877011,0.5499480242621381,0.5046942641922592,-0.0453057358077408,0.0384294118811094,292.2347101849541,14.347949889364653,277.8867602955895,97.94664897736104,138.18763994844744,-138.64194005128888,272.67667899635643,560.0454929443852,-6.560866224981987e-05,47.99999904351415,0,0.0005891020128956,0.0005891020128956,0.0,0.0,0.0419400512888898,0.0454929443851597,0,0,0,0.2281976166377138,0.1864000223577022,0.314400065690279,0.4362999461591244,0.6785999750718477,19.37940006610006
case_spec_norm_soc_strong,voyage_060,10651,1.0,1.0,0,0,0,49.01856288290271,49.01856288290271,0.55,0.5095842057332786,0.5499778086585885,0.5190252304431697,-0.0309747695568303,0.0237958378541775,279.5653314313918,9.636242340210512,269.9290890911813,94.4920846073618,138.37679975249534,-138.65332799174743,298.147445964238,560.0326125856922,-2.648360105657544e-05,48.02683418331071,2,0.0020655487668932,0.0020655487668932,0.0268341833107115,0.0,0.0533279917474374,0.0326125856921635,0,0,0,0.2510900468832303,0.1853000139817595,0.3664999967440963,0.5378000205382705,1.0168500593863428,2.8192000463604927
case_spec_norm_soc_strong,voyage_061,10741,1.0,1.0,0,0,0,46.04555610286941,46.04555610286941,0.55,0.4939120266490528,0.5499790202808672,0.4996976095790513,-0.0503023904209487,0.0454509945553003,355.6638808992637,14.784429842540376,340.87945105672327,119.20584407758582,135.9221241907515,-138.6445819808297,284.47031387507286,490.3910008602083,-3.858086177950904e-05,47.99999842791067,0,0.0006621493654961,0.0006621493654961,0.0,0.0,0.0445819808297187,3.858086177950904e-05,0,0,0,0.2037032581754802,0.17919996753335,0.2965000458061695,0.304599991068244,0.4156000912189483,19.135899958200756
case_spec_norm_soc_strong,voyage_062,10651,1.0,1.0,0,0,0,45.15368350104449,45.15368350104449,0.55,0.4696945273461915,0.5499709248206237,0.4786504110798943,-0.0713495889201056,0.0651182868235461,340.5200036225028,23.252892951284466,317.2671106712183,115.09454633752792,138.32982653897764,-138.6386120124814,281.5965055451516,560.0560307894904,-3.704890969836307e-05,47.99999529873908,0,0.0008840365891842,0.0008840365891842,0.0,0.0,0.0386120124813942,0.0560307894903644,0,0,0,0.2432351135854708,0.1810999820008874,0.31999999191612,0.5150000215508044,1.084049989003688,19.810199970379472
case_spec_norm_soc_strong,voyage_063,32371,0.9535695529949646,0.9535695529949646,1503,1330,0,167.6141174015578,167.6141174015578,0.55,0.4920579298151327,0.5499761192953619,0.5150110810734556,-0.0349889189265444,0.0427961178705012,997.683332450656,23.407169469544105,974.2761629811118,116.35544890573934,138.5157594795188,-138.6529007275213,355.2809096835361,560.0638025396444,-3.893449587858945e-05,48.00172120337163,1,0.0014979699225818,0.0014979699225818,0.0017212033716305,0.0,0.0529007275213189,0.0638025396443708,0,0,0,0.496694776278326,0.189900049008429,0.4700999706983566,0.7198499515652657,8.041610044892867,39.78250012733042
case_spec_norm_soc_strong,voyage_064,7141,1.0,1.0,0,0,0,27.561690094841392,27.561690094841392,0.55,0.5049026114186556,0.5499698812259738,0.5081511063905957,-0.0418488936094043,0.0392723457566473,253.82551960499924,11.23011575303357,242.59540385196567,127.9613318271947,138.52615368468477,-138.6541517081715,257.8311841136684,560.0139008400661,-2.0758386383712325e-05,47.99999819247898,0,0.00071395677611,0.00071395677611,0.0,0.0,0.0541517081715028,0.0139008400660713,0,0,0,0.2412227989706405,0.1875999150797724,0.3565000370144844,0.4318999126553535,0.672840047627688,19.44599999114871
case_spec_norm_soc_strong,voyage_065,10741,1.0,1.0,0,0,0,41.62079333490348,41.62079333490348,0.55,0.5065770521170951,0.5499727177917122,0.5121775975820587,-0.0378224024179413,0.0325492225695892,317.0155437507097,25.874511676393382,291.1410320743163,106.2523002981617,138.33970130022465,-138.6496942617868,256.56743199602226,560.0611196520606,-2.7649372393397988e-05,48.0100017131054,2,0.0015883315693372,0.0015883315693372,0.0100017131053959,0.0,0.0496942617868114,0.0611196520605972,0,0,0,0.3518844057596265,0.2087999600917101,0.8036999497562647,0.9075000416487456,1.412039971910418,24.89939995575696
case_spec_norm_soc_strong,voyage_066,10741,1.0,1.0,0,0,0,44.83641670516598,44.83641670516598,0.55,0.5015724755675065,0.5499731735353351,0.5073246430965189,-0.0426753569034811,0.0355601750771351,292.42090551498995,13.01538536438988,279.4055201506,98.00905500921364,138.17674699056397,-138.65465084249587,273.63234112091783,560.0523304757768,-2.4057802864476534e-05,47.999998269452135,0,0.0008297714415732,0.0008297714415732,0.0,0.0,0.0546508424958744,0.0523304757767846,0,0,0,1.0585531887889066,0.8926000446081161,1.488500041887164,1.920799957588315,2.9378199717030147,79.2651999508962
