parent_voyage,start_time,end_time,baseline_duration_s,baseline_mean_battery_kw,recovered_from_shore,final_normal_points,final_normal_duration_s
3月27日07_00_3月27日11_00,2024-03-27T07:00:29,2024-03-27T07:30:29,1800.0,-0.0853748524590163,True,0,0.0
3月28日08_00_3月28日11_00,2024-03-28T08:00:01,2024-03-28T08:13:01,780.0,-0.0879199999999999,True,0,0.0
3月29日08_00_3月29日15_00,2024-03-29T08:00:04,2024-03-29T08:37:04,2220.0,-0.0799234533333333,True,0,0.0
4月2日14_00_4月2日17_00,2024-04-02T14:00:12,2024-04-02T14:21:13,1261.0,-0.069874976744186,True,0,0.0
4月3日08_00_4月3日11_00,2024-04-03T08:00:14,2024-04-03T08:20:14,1200.0,-0.0698830243902438,True,0,0.0
4月7日08_00_4月7日12_00,2024-04-07T08:00:24,2024-04-07T08:46:54,2790.0,-0.0929556063829786,True,0,0.0
4月8日08_00_4月8日12_00,2024-04-08T08:00:26,2024-04-08T08:38:26,2280.0,-0.0760821298701298,True,0,0.0
4月9日08_00_4月9日11_00,2024-04-09T08:00:28,2024-04-09T08:10:28,600.0,-0.1129159047619047,True,0,0.0
4月12日08_00_4月12日16_00,2024-04-12T08:00:03,2024-04-12T08:53:33,3210.0,-0.0918699722222222,True,0,0.0
4月15日08_00_4月15日17_00,2024-04-15T08:00:08,2024-04-15T08:10:38,630.0,-0.0630076818181818,True,0,0.0
4月16日08_00_4月16日19_00,2024-04-16T08:00:10,2024-04-16T08:19:40,1170.0,-0.0426615749999999,True,0,0.0
4月18日12_00_4月18日18_00,2024-04-18T12:00:13,2024-04-18T12:11:43,690.0,-0.0597430833333333,True,0,0.0
4月21日08_00_4月21日16_00,2024-04-21T08:00:18,2024-04-21T08:18:18,1080.0,-0.0594395405405405,True,0,0.0
4月24日07_00_4月24日17_00,2024-04-24T07:00:23,2024-04-24T07:22:53,1350.0,-0.0331079782608695,True,0,0.0
4月25日08_00_4月25日18_00,2024-04-25T08:00:26,2024-04-25T08:43:26,2580.0,-0.0355070229885057,True,0,0.0
4月28日08_00_4月28日12_00,2024-04-28T08:00:04,2024-04-28T08:46:04,2760.0,-0.0391895161290322,True,0,0.0
4月29日08_00_4月29日18_00,2024-04-29T08:00:07,2024-04-29T08:17:37,1050.0,-0.0139416666666666,True,0,0.0
4月30日08_00_4月30日15_00,2024-04-30T08:00:10,2024-04-30T08:18:40,1110.0,-0.0371028421052631,True,0,0.0
5月7日08_00_5月7日18_00,2024-05-07T08:00:00,2024-05-07T08:50:00,3000.0,-0.0147390891089108,True,0,0.0
5月8日08_00_5月8日17_00,2024-05-08T08:00:04,2024-05-08T08:33:04,1980.0,-0.0032455820895522,True,0,0.0
5月8日08_00_5月8日17_00,2024-05-08T08:34:04,2024-05-08T08:39:04,300.0,-0.0030321818181817,True,0,0.0
5月9日08_00_5月9日17_00,2024-05-09T08:00:07,2024-05-09T08:11:37,690.0,-0.0051669583333332,True,0,0.0
5月10日08_00_5月10日10_00,2024-05-10T08:00:11,2024-05-10T08:22:41,1350.0,-0.0141446956521738,True,0,0.0
5月11日08_00_5月11日11_00,2024-05-11T08:00:16,2024-05-11T08:22:46,1350.0,-0.0156331304347825,True,0,0.0
5月13日08_00_5月13日11_00,2024-05-13T08:07:20,2024-05-13T08:08:50,90.0,-0.0292379999999999,True,0,0.0
5月13日08_00_5月13日11_00,2024-05-13T08:09:50,2024-05-13T08:11:20,90.0,-0.0293779999999999,True,0,0.0
5月13日08_00_5月13日11_00,2024-05-13T08:12:20,2024-05-13T08:13:50,90.0,-0.0289557499999999,True,0,0.0
5月13日08_00_5月13日11_00,2024-05-13T08:27:20,2024-05-13T08:32:50,330.0,-0.0291907499999999,True,0,0.0
5月13日08_00_5月13日11_00,2024-05-13T08:35:50,2024-05-13T08:38:20,150.0,-0.0290036666666666,True,0,0.0
5月13日08_00_5月13日11_00,2024-05-13T08:40:50,2024-05-13T08:42:20,90.0,-0.0296594999999999,True,0,0.0
5月13日08_00_5月13日11_00,2024-05-13T08:47:50,2024-05-13T08:48:50,60.0,-0.0290043333333333,True,0,0.0
5月13日08_00_5月13日11_00,2024-05-13T10:24:21,2024-05-13T10:59:51,2130.0,-0.1304930277777777,True,0,0.0
5月13日08_00_5月13日11_00,2024-05-13T08:00:20,2024-05-13T08:06:50,390.0,-0.0274912857142856,True,0,0.0
5月13日08_00_5月13日11_00,2024-05-13T08:14:20,2024-05-13T08:26:50,750.0,-0.0281677692307691,True,0,0.0
5月13日08_00_5月13日11_00,2024-05-13T08:33:20,2024-05-13T08:35:20,120.0,-0.0279171999999999,True,0,0.0
5月13日08_00_5月13日11_00,2024-05-13T08:38:50,2024-05-13T08:40:20,90.0,-0.0283949999999999,True,0,0.0
5月13日08_00_5月13日11_00,2024-05-13T08:42:50,2024-05-13T08:47:20,270.0,-0.0279173999999999,True,0,0.0
5月13日08_00_5月13日11_00,2024-05-13T08:49:21,2024-05-13T08:50:50,89.0,-0.0281137499999999,True,0,0.0
5月14日12_00_5月14日19_00,2024-05-14T18:35:53,2024-05-14T18:59:53,1440.0,-0.0829779591836734,True,0,0.0
5月14日12_00_5月14日19_00,2024-05-14T12:00:23,2024-05-14T12:23:23,1380.0,-0.0124078723404255,True,0,0.0
5月15日08_00_5月15日17_00,2024-05-15T16:50:25,2024-05-15T16:59:55,570.0,-0.0626879,True,0,0.0
5月17日08_00_5月17日18_00,2024-05-17T11:39:58,2024-05-17T15:38:29,14311.0,-0.1130764100418409,True,0,0.0
5月17日08_00_5月17日18_00,2024-05-17T17:46:29,2024-05-17T17:59:59,810.0,-0.0375011071428571,True,0,0.0
5月20日08_00_5月20日18_00,2024-05-20T08:00:03,2024-05-20T08:21:03,1260.0,-0.0109061860465116,True,0,0.0
5月21日05_00_5月21日11_00,2024-05-21T10:40:35,2024-05-21T10:59:35,1140.0,-0.0897549743589743,True,0,0.0
5月27日08_00_5月27日19_00,2024-05-27T11:10:21,2024-05-27T15:28:51,15510.0,-0.1263378938223938,True,0,0.0
5月27日08_00_5月27日19_00,2024-05-27T18:06:51,2024-05-27T18:59:51,3180.0,-0.0643923084112149,True,0,0.0
5月29日14_00_5月29日17_00,2024-05-29T16:35:57,2024-05-29T16:51:57,960.0,-0.0962867878787878,True,0,0.0
5月29日14_00_5月29日17_00,2024-05-29T16:52:57,2024-05-29T16:59:57,420.0,-0.1054227333333333,True,0,0.0
6月4日08_00_6月4日12_00,2024-06-04T11:21:42,2024-06-04T11:59:42,2280.0,-0.0973664415584415,True,0,0.0
6月5日08_00_6月5日19_00,2024-06-05T11:13:14,2024-06-05T12:19:45,3991.0,-0.1016961492537313,True,0,0.0
6月5日08_00_6月5日19_00,2024-06-05T12:21:15,2024-06-05T12:22:15,60.0,-0.118522,True,0,0.0
6月5日08_00_6月5日19_00,2024-06-05T18:05:45,2024-06-05T18:59:45,3240.0,-0.1101784770642201,True,0,0.0
6月5日08_00_6月5日19_00,2024-06-05T08:00:14,2024-06-05T08:08:14,480.0,-0.0130743529411764,True,0,0.0
6月6日10_00_6月6日21_00,2024-06-06T17:44:17,2024-06-06T19:14:17,5400.0,-0.0815298784530386,True,0,0.0
6月7日00_00_6月7日24_00,2024-06-07T01:59:48,2024-06-07T08:58:48,25140.0,-0.105482694874851,True,0,0.0
6月7日00_00_6月7日24_00,2024-06-07T11:41:18,2024-06-07T15:13:19,12721.0,-0.0905623623529411,True,0,0.0
6月7日00_00_6月7日24_00,2024-06-07T15:34:19,2024-06-07T23:59:50,30331.0,-0.0927769268774703,True,0,0.0
6月11日08_00_6月11日11_00,2024-06-11T08:00:00,2024-06-11T08:11:00,660.0,-0.120930304347826,True,0,0.0
6月11日08_00_6月11日11_00,2024-06-11T10:46:31,2024-06-11T10:59:31,780.0,-0.051793074074074,True,0,0.0
6月12日14_00_6月12日17_00,2024-06-12T14:00:05,2024-06-12T14:30:05,1800.0,-0.1026801967213114,True,0,0.0
6月12日14_00_6月12日17_00,2024-06-12T16:41:36,2024-06-12T16:59:35,1079.0,-0.033824054054054,True,0,0.0
6月12日14_00_6月12日17_00,2024-06-12T16:24:36,2024-06-12T16:41:05,989.0,-0.0239595882352941,True,0,0.0
6月13日08_00_6月13日14_00,2024-06-13T13:51:39,2024-06-13T13:59:39,480.0,-0.0357266470588235,True,0,0.0
6月14日08_00_6月15日18_00,2024-06-14T08:00:14,2024-06-14T09:03:44,3810.0,-0.0864854409448818,True,0,0.0
6月14日08_00_6月15日18_00,2024-06-14T17:31:46,2024-06-14T17:34:16,150.0,-0.0303458333333333,True,0,0.0
6月14日08_00_6月15日18_00,2024-06-14T17:35:16,2024-06-14T18:26:46,3090.0,-0.0409034519230769,True,0,0.0
6月14日08_00_6月15日18_00,2024-06-15T17:20:19,2024-06-15T17:59:49,2370.0,-0.033693175,True,0,0.0
6月14日08_00_6月15日18_00,2024-06-14T17:22:46,2024-06-14T17:31:16,510.0,-0.0268734444444444,True,0,0.0
6月14日08_00_6月15日18_00,2024-06-15T16:40:19,2024-06-15T16:49:19,540.0,-0.0343581052631578,True,0,0.0
6月14日08_00_6月15日18_00,2024-06-15T17:06:49,2024-06-15T17:19:49,780.0,-0.0267554074074074,True,0,0.0
6月17日09_00_6月17日16_00,2024-06-17T09:00:26,2024-06-17T09:25:26,1500.0,-0.1054187450980392,True,0,0.0
6月17日09_00_6月17日16_00,2024-06-17T15:17:56,2024-06-17T15:59:56,2520.0,-0.0705830235294117,True,0,0.0
6月20日08_00_6月20日16_00,2024-06-20T08:00:07,2024-06-20T09:09:37,4170.0,-0.0982377857142857,True,0,0.0
6月20日08_00_6月20日16_00,2024-06-20T14:51:08,2024-06-20T15:16:38,1530.0,-0.0453153269230769,True,0,0.0
6月20日08_00_6月20日16_00,2024-06-20T15:17:38,2024-06-20T15:59:38,2520.0,-0.0709761058823529,True,0,0.0
6月26日08_00_6月26日13_00,2024-06-26T08:00:28,2024-06-26T08:07:28,420.0,-0.1086587333333333,True,0,0.0
6月26日08_00_6月26日13_00,2024-06-26T12:26:58,2024-06-26T12:59:58,1980.0,-0.048999671641791,True,0,0.0
6月28日08_00_6月28日15_00,2024-06-28T08:00:02,2024-06-28T08:52:03,3121.0,-0.1181014380952381,True,0,0.0
6月28日08_00_6月28日15_00,2024-06-28T14:19:33,2024-06-28T14:59:34,2401.0,-0.0608242345679012,True,0,0.0
6月30日05_00_6月30日11_00,2024-06-30T05:00:09,2024-06-30T05:19:39,1170.0,-0.1063088,True,0,0.0
7月2日14_00_7月2日18_00,2024-07-02T14:00:18,2024-07-02T14:19:48,1170.0,-0.100959625,True,0,0.0
7月2日14_00_7月2日18_00,2024-07-02T17:36:20,2024-07-02T17:59:50,1410.0,-0.0378150624999999,True,0,0.0
7月3日08_00_7月3日16_00,2024-07-03T08:00:22,2024-07-03T08:22:22,1320.0,-0.0961196888888888,True,0,0.0
7月3日08_00_7月3日16_00,2024-07-03T15:10:53,2024-07-03T15:59:53,2940.0,-0.0643112929292929,True,0,0.0
7月9日08_00_7月9日16_00,2024-07-09T08:00:18,2024-07-09T08:17:48,1050.0,-0.0684125833333333,True,0,0.0
7月10日08_00_7月10日18_00,2024-07-10T08:00:23,2024-07-10T08:50:23,3000.0,-0.080043603960396,True,0,0.0
7月10日08_00_7月10日18_00,2024-07-10T17:57:32,2024-07-10T17:59:32,120.0,-0.0215782,True,0,0.0
7月11日06_00_7月12日10_00,2024-07-11T06:00:03,2024-07-11T06:11:03,660.0,-0.0911476086956521,True,0,0.0
7月11日06_00_7月12日10_00,2024-07-12T09:16:35,2024-07-12T09:59:35,2580.0,-0.1009234712643677,True,0,0.0
7月15日14_00_7月15日16_00,2024-07-15T14:00:13,2024-07-15T14:12:13,720.0,-0.0961297999999999,True,0,0.0
7月15日14_00_7月15日16_00,2024-07-15T15:51:43,2024-07-15T15:59:43,480.0,-0.0388321764705882,True,0,0.0
7月18日08_00_7月18日12_00,2024-07-18T08:00:20,2024-07-18T08:39:50,2370.0,-0.08666385,True,0,0.0
7月18日08_00_7月18日12_00,2024-07-18T11:03:20,2024-07-18T11:59:51,3391.0,-0.0561541754385964,True,0,0.0
7月19日07_00_7月19日09_00,2024-07-19T07:00:22,2024-07-19T07:28:22,1680.0,-0.0668624912280701,True,0,0.0
7月22日08_00_7月22日11_00,2024-07-22T08:00:28,2024-07-22T08:50:28,3000.0,-0.0769005247524752,True,0,0.0
7月23日12_00_7月23日15_00,2024-07-23T12:00:01,2024-07-23T12:16:01,960.0,-0.0601957272727272,True,0,0.0
7月23日12_00_7月23日15_00,2024-07-23T14:31:01,2024-07-23T14:48:01,1020.0,-0.0306474285714285,True,0,0.0
7月23日12_00_7月23日15_00,2024-07-23T14:49:01,2024-07-23T14:52:31,210.0,-0.0303325,True,0,0.0
7月23日12_00_7月23日15_00,2024-07-23T14:53:01,2024-07-23T14:59:31,390.0,-0.0285496428571428,True,0,0.0
7月24日14_00_7月24日17_00,2024-07-24T14:00:03,2024-07-24T14:06:33,390.0,-0.0545837857142857,True,0,0.0
7月25日08_00_7月25日17_00,2024-07-25T08:00:04,2024-07-25T08:17:04,1020.0,-0.0531405999999999,True,0,0.0
7月25日08_00_7月25日17_00,2024-07-25T16:49:05,2024-07-25T16:59:35,630.0,-0.0389883181818181,True,0,0.0
7月26日11_00_7月26日13_00,2024-07-26T11:00:07,2024-07-26T11:04:07,240.0,-0.0541011111111111,True,0,0.0
7月26日11_00_7月26日13_00,2024-07-26T12:18:37,2024-07-26T12:59:37,2460.0,-0.0363538313253012,True,0,0.0
7月29日14_00_7月29日17_00,2024-07-29T14:00:13,2024-07-29T14:20:43,1230.0,-0.0723808571428571,True,0,0.0
7月29日14_00_7月29日17_00,2024-07-29T16:37:43,2024-07-29T16:40:13,150.0,-0.0306213333333333,True,0,0.0
7月29日14_00_7月29日17_00,2024-07-29T16:41:13,2024-07-29T16:59:43,1110.0,-0.0350423684210526,True,0,0.0
7月29日14_00_7月29日17_00,2024-07-29T16:19:43,2024-07-29T16:37:13,1050.0,-0.0282584444444444,True,0,0.0
7月31日08_00_7月31日11_00,2024-07-31T08:00:17,2024-07-31T08:24:47,1470.0,-0.0718983,True,0,0.0
7月31日08_00_7月31日11_00,2024-07-31T10:32:47,2024-07-31T10:59:47,1620.0,-0.0365770363636363,True,0,0.0
