parent_voyage,segment_id,start_time,end_time,duration_s,num_1s_points,raw_min_kw,raw_max_kw,pchip_min_kw,pchip_max_kw,raw_csv,one_second_csv,split
3月25日14_00_3月25日17_00,operating_segment_0001,2024-03-25T14:00:25,2024-03-25T14:28:55,1710,1711,17.677793,27.003719999999998,17.677793,27.003719999999998,cleaned_30s_segments/operating_segment_0001.csv,operating_segments_1s/operating_segment_0001.csv,train
3月25日14_00_3月25日17_00,operating_segment_0002,2024-03-25T14:35:25,2024-03-25T16:59:56,8671,8672,30.037422000000003,650.7618,30.037422000000003,650.7618,cleaned_30s_segments/operating_segment_0002.csv,operating_segments_1s/operating_segment_0002.csv,train
3月26日14_00_3月26日16_00,operating_segment_0003,2024-03-26T14:00:27,2024-03-26T14:01:27,60,61,-0.09105199999999997,3.4199770000000003,-0.09105199999999997,3.4199770000000007,cleaned_30s_segments/operating_segment_0003.csv,operating_segments_1s/operating_segment_0003.csv,train
3月26日14_00_3月26日16_00,operating_segment_0004,2024-03-26T14:07:27,2024-03-26T15:54:27,6420,6421,39.07053,489.35269999999997,39.07053,489.35269999999997,cleaned_30s_segments/operating_segment_0004.csv,operating_segments_1s/operating_segment_0004.csv,train
3月27日07_00_3月27日11_00,operating_segment_0005,2024-03-27T07:30:59,2024-03-27T07:31:29,30,31,0.7508379999999992,0.9574620000000005,0.7508379999999992,0.9574620000000005,cleaned_30s_segments/operating_segment_0005.csv,operating_segments_1s/operating_segment_0005.csv,train
3月27日07_00_3月27日11_00,operating_segment_0006,2024-03-27T07:36:59,2024-03-27T10:53:59,11820,11821,19.596399,811.0917,19.596399,811.0917,cleaned_30s_segments/operating_segment_0006.csv,operating_segments_1s/operating_segment_0006.csv,train
3月28日08_00_3月28日11_00,operating_segment_0007,2024-03-28T08:13:31,2024-03-28T08:15:31,120,121,0.5080349999999998,1.4760960000000007,0.5080349999999998,1.4760960000000007,cleaned_30s_segments/operating_segment_0007.csv,operating_segments_1s/operating_segment_0007.csv,train
3月28日08_00_3月28日11_00,operating_segment_0008,2024-03-28T08:22:01,2024-03-28T10:32:31,7830,7831,31.638209999999997,727.9675000000001,31.638209999999997,727.9675000000001,cleaned_30s_segments/operating_segment_0008.csv,operating_segments_1s/operating_segment_0008.csv,train
3月28日08_00_3月28日11_00,operating_segment_0009,2024-03-28T10:33:32,2024-03-28T10:59:31,1559,1560,29.980610000000002,410.71680000000003,29.980610000000006,410.71680000000003,cleaned_30s_segments/operating_segment_0009.csv,operating_segments_1s/operating_segment_0009.csv,train
3月29日08_00_3月29日15_00,operating_segment_0010,2024-03-29T08:44:04,2024-03-29T14:35:05,21061,21062,-0.009648999999999994,662.3302,-0.009649000000003127,662.3302,cleaned_30s_segments/operating_segment_0010.csv,operating_segments_1s/operating_segment_0010.csv,train
4月2日14_00_4月2日17_00,operating_segment_0011,2024-04-02T14:27:43,2024-04-02T16:22:13,6870,6871,21.374843000000002,552.7229,21.374843000000002,552.7229,cleaned_30s_segments/operating_segment_0011.csv,operating_segments_1s/operating_segment_0011.csv,train
4月3日08_00_4月3日11_00,operating_segment_0012,2024-04-03T08:26:44,2024-04-03T10:54:44,8880,8881,17.919056999999995,646.8333,17.919056999999995,646.8333,cleaned_30s_segments/operating_segment_0012.csv,operating_segments_1s/operating_segment_0012.csv,train
4月7日08_00_4月7日12_00,operating_segment_0013,2024-04-07T08:47:24,2024-04-07T08:47:54,30,31,0.8323540000000001,1.3394850000000007,0.8323540000000001,1.3394850000000007,cleaned_30s_segments/operating_segment_0013.csv,operating_segments_1s/operating_segment_0013.csv,train
4月7日08_00_4月7日12_00,operating_segment_0014,2024-04-07T08:53:54,2024-04-07T11:46:54,10380,10381,35.887330000000006,800.057,35.887330000000006,800.057,cleaned_30s_segments/operating_segment_0014.csv,operating_segments_1s/operating_segment_0014.csv,train
4月7日08_00_4月7日12_00,operating_segment_0015,2024-04-07T11:47:54,2024-04-07T11:59:24,690,691,29.63048,81.07086999999999,29.63048,81.07086999999999,cleaned_30s_segments/operating_segment_0015.csv,operating_segments_1s/operating_segment_0015.csv,train
4月8日08_00_4月8日12_00,operating_segment_0016,2024-04-08T08:38:56,2024-04-08T08:40:26,90,91,0.5929309999999994,2.8091300000000006,0.5929309999999994,2.8091300000000006,cleaned_30s_segments/operating_segment_0016.csv,operating_segments_1s/operating_segment_0016.csv,train
4月8日08_00_4月8日12_00,operating_segment_0017,2024-04-08T08:45:56,2024-04-08T11:33:56,10080,10081,26.041560000000004,573.5695,26.041560000000004,573.5695,cleaned_30s_segments/operating_segment_0017.csv,operating_segments_1s/operating_segment_0017.csv,train
4月9日08_00_4月9日11_00,operating_segment_0018,2024-04-09T08:16:58,2024-04-09T10:30:28,8010,8011,32.79848,511.5353000000001,32.79848,511.5353000000001,cleaned_30s_segments/operating_segment_0018.csv,operating_segments_1s/operating_segment_0018.csv,train
4月12日08_00_4月12日16_00,operating_segment_0019,2024-04-12T09:00:03,2024-04-12T15:12:33,22350,22351,32.33045,951.9359999999999,32.33045,951.9359999999999,cleaned_30s_segments/operating_segment_0019.csv,operating_segments_1s/operating_segment_0019.csv,train
4月15日08_00_4月15日17_00,operating_segment_0020,2024-04-15T08:17:38,2024-04-15T08:32:38,900,901,32.007459999999995,372.7253999999999,32.007459999999995,372.7253999999999,cleaned_30s_segments/operating_segment_0020.csv,operating_segments_1s/operating_segment_0020.csv,train
4月15日08_00_4月15日17_00,operating_segment_0021,2024-04-15T08:35:38,2024-04-15T09:10:08,2070,2071,38.726836000000006,340.3067,38.726836000000006,340.3067,cleaned_30s_segments/operating_segment_0021.csv,operating_segments_1s/operating_segment_0021.csv,train
4月15日08_00_4月15日17_00,operating_segment_0022,2024-04-15T09:14:38,2024-04-15T09:40:38,1560,1561,35.09807,403.26340000000005,35.09807,403.26340000000005,cleaned_30s_segments/operating_segment_0022.csv,operating_segments_1s/operating_segment_0022.csv,train
4月15日08_00_4月15日17_00,operating_segment_0023,2024-04-15T09:45:08,2024-04-15T10:38:38,3210,3211,57.862660000000005,376.74809999999997,57.862660000000005,376.74809999999997,cleaned_30s_segments/operating_segment_0023.csv,operating_segments_1s/operating_segment_0023.csv,train
4月15日08_00_4月15日17_00,operating_segment_0024,2024-04-15T14:42:38,2024-04-15T15:07:38,1500,1501,55.05873,149.62065,55.05873,149.62065,cleaned_30s_segments/operating_segment_0024.csv,operating_segments_1s/operating_segment_0024.csv,train
4月15日08_00_4月15日17_00,operating_segment_0025,2024-04-15T15:11:08,2024-04-15T16:41:39,5431,5432,51.644220000000004,351.72450000000003,51.644220000000004,351.72450000000003,cleaned_30s_segments/operating_segment_0025.csv,operating_segments_1s/operating_segment_0025.csv,train
4月16日08_00_4月16日19_00,operating_segment_0026,2024-04-16T08:20:10,2024-04-16T08:20:40,30,31,0.03140400000000069,1.2162210000000002,0.03140400000000069,1.2162210000000002,cleaned_30s_segments/operating_segment_0026.csv,operating_segments_1s/operating_segment_0026.csv,train
4月16日08_00_4月16日19_00,operating_segment_0027,2024-04-16T08:26:40,2024-04-16T11:26:10,10770,10771,28.645642000000002,677.2436,28.645642000000002,677.2436,cleaned_30s_segments/operating_segment_0027.csv,operating_segments_1s/operating_segment_0027.csv,train
4月16日08_00_4月16日19_00,operating_segment_0028,2024-04-16T12:55:10,2024-04-16T12:56:40,90,91,27.090041,37.79999,27.090041,37.79999,cleaned_30s_segments/operating_segment_0028.csv,operating_segments_1s/operating_segment_0028.csv,train
4月16日08_00_4月16日19_00,operating_segment_0029,2024-04-16T14:22:10,2024-04-16T14:22:40,30,31,27.626515000000005,36.52521,27.626515000000005,36.52521,cleaned_30s_segments/operating_segment_0029.csv,operating_segments_1s/operating_segment_0029.csv,train
4月16日08_00_4月16日19_00,operating_segment_0030,2024-04-16T14:29:40,2024-04-16T18:43:40,15240,15241,42.13207,709.4504,42.13207,709.4504,cleaned_30s_segments/operating_segment_0030.csv,operating_segments_1s/operating_segment_0030.csv,train
4月16日08_00_4月16日19_00,operating_segment_0031,2024-04-16T18:47:10,2024-04-16T18:49:40,150,151,24.989331000000007,40.44646,24.989331000000007,40.44646,cleaned_30s_segments/operating_segment_0031.csv,operating_segments_1s/operating_segment_0031.csv,train
4月17日07_00_4月17日17_00,operating_segment_0032,2024-04-17T09:16:11,2024-04-17T09:36:41,1230,1231,16.480578,21.520567,16.480578,21.520567,cleaned_30s_segments/operating_segment_0032.csv,operating_segments_1s/operating_segment_0032.csv,train
4月17日07_00_4月17日17_00,operating_segment_0033,2024-04-17T09:51:41,2024-04-17T16:11:11,22770,22771,25.927818,754.4027000000001,25.927818,754.4027000000001,cleaned_30s_segments/operating_segment_0033.csv,operating_segments_1s/operating_segment_0033.csv,train
4月18日12_00_4月18日18_00,operating_segment_0034,2024-04-18T12:18:43,2024-04-18T17:03:43,17100,17101,49.4847,960.9873,49.4847,960.9873,cleaned_30s_segments/operating_segment_0034.csv,operating_segments_1s/operating_segment_0034.csv,train
4月18日12_00_4月18日18_00,operating_segment_0035,2024-04-18T17:59:13,2024-04-18T17:59:43,30,31,19.625874999999997,26.157742000000002,19.625874999999997,26.157742000000002,cleaned_30s_segments/operating_segment_0035.csv,operating_segments_1s/operating_segment_0035.csv,train
4月21日08_00_4月21日16_00,operating_segment_0036,2024-04-21T08:24:48,2024-04-21T09:07:48,2580,2581,36.62053,653.9999,36.62053,653.9999,cleaned_30s_segments/operating_segment_0036.csv,operating_segments_1s/operating_segment_0036.csv,train
4月21日08_00_4月21日16_00,operating_segment_0037,2024-04-21T09:08:48,2024-04-21T15:59:48,24660,24661,18.554421999999995,896.3272999999999,18.554421999999995,896.3272999999999,cleaned_30s_segments/operating_segment_0037.csv,operating_segments_1s/operating_segment_0037.csv,train
4月22日14_00_4月22日17_00,operating_segment_0038,2024-04-22T14:00:20,2024-04-22T14:01:20,60,61,-0.026465999999999976,4.301444000000001,-0.026465999999999976,4.301444000000001,cleaned_30s_segments/operating_segment_0038.csv,operating_segments_1s/operating_segment_0038.csv,train
4月22日14_00_4月22日17_00,operating_segment_0039,2024-04-22T14:07:50,2024-04-22T14:16:20,510,511,45.406800000000004,61.41563,45.406800000000004,61.41563,cleaned_30s_segments/operating_segment_0039.csv,operating_segments_1s/operating_segment_0039.csv,train
4月22日14_00_4月22日17_00,operating_segment_0040,2024-04-22T14:18:50,2024-04-22T14:20:50,120,121,52.13578,52.95250999999999,52.13578,52.95250999999999,cleaned_30s_segments/operating_segment_0040.csv,operating_segments_1s/operating_segment_0040.csv,train
4月22日14_00_4月22日17_00,operating_segment_0041,2024-04-22T14:22:50,2024-04-22T16:45:50,8580,8581,45.49025,630.6029,45.49025,630.6029,cleaned_30s_segments/operating_segment_0041.csv,operating_segments_1s/operating_segment_0041.csv,train
4月23日13_00_4月23日18_00,operating_segment_0042,2024-04-23T13:05:22,2024-04-23T17:59:52,17670,17671,37.9946,788.7698999999999,37.9946,788.7698999999999,cleaned_30s_segments/operating_segment_0042.csv,operating_segments_1s/operating_segment_0042.csv,train
4月24日07_00_4月24日17_00,operating_segment_0043,2024-04-24T07:23:23,2024-04-24T07:23:53,30,31,0.5222290000000003,1.611502,0.5222290000000003,1.611502,cleaned_30s_segments/operating_segment_0043.csv,operating_segments_1s/operating_segment_0043.csv,train
4月24日07_00_4月24日17_00,operating_segment_0044,2024-04-24T07:30:23,2024-04-24T13:48:54,22711,22712,30.78991,706.6130999999999,30.78991,706.6130999999999,cleaned_30s_segments/operating_segment_0044.csv,operating_segments_1s/operating_segment_0044.csv,train
4月24日07_00_4月24日17_00,operating_segment_0045,2024-04-24T13:50:54,2024-04-24T16:59:54,11340,11341,31.360135,621.4839999999999,31.360135,621.4839999999999,cleaned_30s_segments/operating_segment_0045.csv,operating_segments_1s/operating_segment_0045.csv,train
4月25日08_00_4月25日18_00,operating_segment_0046,2024-04-25T08:43:56,2024-04-25T08:44:56,60,61,0.8626170000000004,4.923102,0.8626170000000005,4.923102,cleaned_30s_segments/operating_segment_0046.csv,operating_segments_1s/operating_segment_0046.csv,train
4月25日08_00_4月25日18_00,operating_segment_0047,2024-04-25T08:51:26,2024-04-25T13:37:26,17160,17161,44.845650000000006,890.7584,44.845650000000006,890.7584,cleaned_30s_segments/operating_segment_0047.csv,operating_segments_1s/operating_segment_0047.csv,train
4月25日08_00_4月25日18_00,operating_segment_0048,2024-04-25T13:38:26,2024-04-25T14:59:56,4890,4891,55.12879000000001,628.2832999999999,55.12879000000001,628.2832999999999,cleaned_30s_segments/operating_segment_0048.csv,operating_segments_1s/operating_segment_0048.csv,train
4月25日08_00_4月25日18_00,operating_segment_0049,2024-04-25T15:38:56,2024-04-25T17:20:27,6091,6092,38.06018400000001,312.311494,38.06018400000001,312.311494,cleaned_30s_segments/operating_segment_0049.csv,operating_segments_1s/operating_segment_0049.csv,train
4月28日08_00_4月28日12_00,operating_segment_0050,2024-04-28T08:46:34,2024-04-28T08:50:04,210,211,0.30265200000000014,1.1170300000000002,0.30265200000000014,1.11703,cleaned_30s_segments/operating_segment_0050.csv,operating_segments_1s/operating_segment_0050.csv,train
4月28日08_00_4月28日12_00,operating_segment_0051,2024-04-28T08:56:34,2024-04-28T11:36:05,9571,9572,30.524424000000003,1103.8994,30.524424000000003,1103.8994,cleaned_30s_segments/operating_segment_0051.csv,operating_segments_1s/operating_segment_0051.csv,train
4月29日08_00_4月29日18_00,operating_segment_0052,2024-04-29T08:18:07,2024-04-29T08:18:37,30,31,0.24031600000000025,1.3229,0.2403160000000002,1.3229,cleaned_30s_segments/operating_segment_0052.csv,operating_segments_1s/operating_segment_0052.csv,train
4月29日08_00_4月29日18_00,operating_segment_0053,2024-04-29T08:25:07,2024-04-29T17:29:08,32641,32642,10.869285,742.0863999999999,10.869285,742.0863999999999,cleaned_30s_segments/operating_segment_0053.csv,operating_segments_1s/operating_segment_0053.csv,train
4月29日08_00_4月29日18_00,operating_segment_0054,2024-04-29T17:33:38,2024-04-29T17:35:38,120,121,5.9167499999999995,27.94623,5.9167499999999995,27.94623,cleaned_30s_segments/operating_segment_0054.csv,operating_segments_1s/operating_segment_0054.csv,train
4月29日08_00_4月29日18_00,operating_segment_0055,2024-04-29T17:57:08,2024-04-29T17:58:08,60,61,24.920406999999997,27.015655000000002,24.920406999999997,27.015655000000002,cleaned_30s_segments/operating_segment_0055.csv,operating_segments_1s/operating_segment_0055.csv,train
4月30日08_00_4月30日15_00,operating_segment_0056,2024-04-30T08:19:10,2024-04-30T08:19:40,30,31,0.15247300000000108,2.14794,0.15247300000000108,2.14794,cleaned_30s_segments/operating_segment_0056.csv,operating_segments_1s/operating_segment_0056.csv,train
4月30日08_00_4月30日15_00,operating_segment_0057,2024-04-30T08:29:40,2024-04-30T10:59:10,8970,8971,47.61502,835.2338,47.61502,835.2338,cleaned_30s_segments/operating_segment_0057.csv,operating_segments_1s/operating_segment_0057.csv,train
4月30日08_00_4月30日15_00,operating_segment_0058,2024-04-30T11:02:10,2024-04-30T13:33:11,9061,9062,47.54932000000001,794.0837,47.54932000000001,794.0837,cleaned_30s_segments/operating_segment_0058.csv,operating_segments_1s/operating_segment_0058.csv,train
4月30日08_00_4月30日15_00,operating_segment_0059,2024-04-30T13:34:11,2024-04-30T14:04:11,1800,1801,37.48677000000001,775.1926,37.48677000000001,775.1926,cleaned_30s_segments/operating_segment_0059.csv,operating_segments_1s/operating_segment_0059.csv,train
5月7日08_00_5月7日18_00,operating_segment_0060,2024-05-07T08:58:00,2024-05-07T17:04:01,29161,29162,30.099889999999995,896.4361999999999,30.09988999999999,896.4361999999999,cleaned_30s_segments/operating_segment_0060.csv,operating_segments_1s/operating_segment_0060.csv,train
5月8日08_00_5月8日17_00,operating_segment_0061,2024-05-08T08:46:34,2024-05-08T16:11:35,26701,26702,28.78012,689.8862,28.78012,689.8862,cleaned_30s_segments/operating_segment_0061.csv,operating_segments_1s/operating_segment_0061.csv,train
5月9日08_00_5月9日17_00,operating_segment_0062,2024-05-09T08:12:07,2024-05-09T08:13:07,60,61,0.4775280000000001,1.3565740000000006,0.4775280000000001,1.3565740000000006,cleaned_30s_segments/operating_segment_0062.csv,operating_segments_1s/operating_segment_0062.csv,train
5月9日08_00_5月9日17_00,operating_segment_0063,2024-05-09T08:20:37,2024-05-09T11:08:08,10051,10052,31.069016000000005,624.2996,31.069016000000005,624.2996,cleaned_30s_segments/operating_segment_0063.csv,operating_segments_1s/operating_segment_0063.csv,train
5月9日08_00_5月9日17_00,operating_segment_0064,2024-05-09T13:56:08,2024-05-09T13:59:08,180,181,28.381111000000004,29.374662999999998,28.381111000000004,29.374662999999998,cleaned_30s_segments/operating_segment_0064.csv,operating_segments_1s/operating_segment_0064.csv,train
5月9日08_00_5月9日17_00,operating_segment_0065,2024-05-09T14:08:08,2024-05-09T14:43:38,2130,2131,27.582673000000003,53.76531,27.582673000000003,53.76531,cleaned_30s_segments/operating_segment_0065.csv,operating_segments_1s/operating_segment_0065.csv,train
5月9日08_00_5月9日17_00,operating_segment_0066,2024-05-09T14:50:08,2024-05-09T16:10:38,4830,4831,21.167911,790.421,21.167911,790.421,cleaned_30s_segments/operating_segment_0066.csv,operating_segments_1s/operating_segment_0066.csv,train
5月10日08_00_5月10日10_00,operating_segment_0067,2024-05-10T08:23:11,2024-05-10T08:24:11,60,61,0.7062080000000004,1.4519500000000003,0.7062080000000004,1.4519500000000003,cleaned_30s_segments/operating_segment_0067.csv,operating_segments_1s/operating_segment_0067.csv,train
5月10日08_00_5月10日10_00,operating_segment_0068,2024-05-10T08:30:41,2024-05-10T09:22:42,3121,3122,21.294255000000007,390.6438,21.294255000000007,390.6438,cleaned_30s_segments/operating_segment_0068.csv,operating_segments_1s/operating_segment_0068.csv,train
5月11日08_00_5月11日11_00,operating_segment_0069,2024-05-11T08:29:46,2024-05-11T10:19:46,6600,6601,4.937379000000001,522.3933999999999,4.9373790000000035,522.3933999999999,cleaned_30s_segments/operating_segment_0069.csv,operating_segments_1s/operating_segment_0069.csv,train
5月13日08_00_5月13日11_00,operating_segment_0070,2024-05-13T08:51:20,2024-05-13T08:51:50,30,31,0.20630899999999963,0.8510120000000001,0.20630899999999963,0.8510120000000001,cleaned_30s_segments/operating_segment_0070.csv,operating_segments_1s/operating_segment_0070.csv,train
5月13日08_00_5月13日11_00,operating_segment_0071,2024-05-13T08:57:50,2024-05-13T10:16:21,4711,4712,30.397318000000002,534.6743,30.397318000000002,534.6743,cleaned_30s_segments/operating_segment_0071.csv,operating_segments_1s/operating_segment_0071.csv,train
5月14日12_00_5月14日19_00,operating_segment_0072,2024-05-14T12:23:53,2024-05-14T12:24:53,60,61,0.6862390000000005,1.4585339999999993,0.6862390000000005,1.4585339999999996,cleaned_30s_segments/operating_segment_0072.csv,operating_segments_1s/operating_segment_0072.csv,train
5月14日12_00_5月14日19_00,operating_segment_0073,2024-05-14T12:31:53,2024-05-14T12:49:53,1080,1081,-0.8901599999999945,86.58437999999998,-0.8901599999999945,86.58437999999998,cleaned_30s_segments/operating_segment_0073.csv,operating_segments_1s/operating_segment_0073.csv,train
5月14日12_00_5月14日19_00,operating_segment_0074,2024-05-14T12:56:23,2024-05-14T13:00:53,270,271,1.3456900000000047,8.732820000000004,1.3456900000000047,8.732820000000004,cleaned_30s_segments/operating_segment_0074.csv,operating_segments_1s/operating_segment_0074.csv,train
5月14日12_00_5月14日19_00,operating_segment_0075,2024-05-14T13:09:53,2024-05-14T13:50:23,2430,2431,18.468080000000008,352.9434,18.468080000000008,352.9434,cleaned_30s_segments/operating_segment_0075.csv,operating_segments_1s/operating_segment_0075.csv,train
5月14日12_00_5月14日19_00,operating_segment_0076,2024-05-14T13:51:23,2024-05-14T15:05:53,4470,4471,81.30102,832.3463,81.30102,832.3463,cleaned_30s_segments/operating_segment_0076.csv,operating_segments_1s/operating_segment_0076.csv,train
5月14日12_00_5月14日19_00,operating_segment_0077,2024-05-14T15:16:23,2024-05-14T15:23:23,420,421,31.563800000000015,137.5292,31.563800000000015,137.5292,cleaned_30s_segments/operating_segment_0077.csv,operating_segments_1s/operating_segment_0077.csv,train
5月14日12_00_5月14日19_00,operating_segment_0078,2024-05-14T15:36:53,2024-05-14T17:07:54,5461,5462,47.36956,350.10988000000003,47.36956,350.10988000000003,cleaned_30s_segments/operating_segment_0078.csv,operating_segments_1s/operating_segment_0078.csv,train
5月14日12_00_5月14日19_00,operating_segment_0079,2024-05-14T17:08:53,2024-05-14T18:06:23,3450,3451,235.9556,428.7681,235.9556,428.7681,cleaned_30s_segments/operating_segment_0079.csv,operating_segments_1s/operating_segment_0079.csv,train
5月14日12_00_5月14日19_00,operating_segment_0080,2024-05-14T18:07:23,2024-05-14T18:29:23,1320,1321,28.80858,480.6122,28.80858,480.6122,cleaned_30s_segments/operating_segment_0080.csv,operating_segments_1s/operating_segment_0080.csv,train
5月15日08_00_5月15日17_00,operating_segment_0081,2024-05-15T08:00:24,2024-05-15T08:14:54,870,871,-6.999999999986184e-06,1.304395,-6.999999999986184e-06,1.304395,cleaned_30s_segments/operating_segment_0081.csv,operating_segments_1s/operating_segment_0081.csv,train
5月15日08_00_5月15日17_00,operating_segment_0082,2024-05-15T08:21:24,2024-05-15T11:07:55,9991,9992,23.40685,710.7389,23.40685,710.7389,cleaned_30s_segments/operating_segment_0082.csv,operating_segments_1s/operating_segment_0082.csv,train
5月15日08_00_5月15日17_00,operating_segment_0083,2024-05-15T11:57:55,2024-05-15T12:00:55,180,181,18.73129,274.82993999999997,18.731289999999994,274.82993999999997,cleaned_30s_segments/operating_segment_0083.csv,operating_segments_1s/operating_segment_0083.csv,train
5月15日08_00_5月15日17_00,operating_segment_0084,2024-05-15T12:37:25,2024-05-15T12:54:25,1020,1021,67.83050000000001,693.2423000000001,67.83050000000003,693.2423000000001,cleaned_30s_segments/operating_segment_0084.csv,operating_segments_1s/operating_segment_0084.csv,train
5月15日08_00_5月15日17_00,operating_segment_0085,2024-05-15T12:58:25,2024-05-15T14:04:25,3960,3961,24.747521,316.8924999999999,24.747521,316.8924999999999,cleaned_30s_segments/operating_segment_0085.csv,operating_segments_1s/operating_segment_0085.csv,train
5月15日08_00_5月15日17_00,operating_segment_0086,2024-05-15T14:18:55,2024-05-15T14:26:25,450,451,1.4309099999999972,11.827769999999994,1.4309099999999972,11.827769999999994,cleaned_30s_segments/operating_segment_0086.csv,operating_segments_1s/operating_segment_0086.csv,train
5月15日08_00_5月15日17_00,operating_segment_0087,2024-05-15T14:31:25,2024-05-15T16:43:25,7920,7921,6.931720000000013,475.5621,6.931720000000013,475.5621,cleaned_30s_segments/operating_segment_0087.csv,operating_segments_1s/operating_segment_0087.csv,train
5月17日08_00_5月17日18_00,operating_segment_0088,2024-05-17T08:00:28,2024-05-17T08:10:28,600,601,-0.23302499999999948,1.5030000000000001,-0.23302499999999948,1.5030000000000001,cleaned_30s_segments/operating_segment_0088.csv,operating_segments_1s/operating_segment_0088.csv,train
5月17日08_00_5月17日18_00,operating_segment_0089,2024-05-17T08:16:28,2024-05-17T09:22:58,3990,3991,67.73088,839.676,67.73088,839.676,cleaned_30s_segments/operating_segment_0089.csv,operating_segments_1s/operating_segment_0089.csv,train
5月17日08_00_5月17日18_00,operating_segment_0090,2024-05-17T09:24:28,2024-05-17T09:46:58,1350,1351,37.91206,561.134,37.91206,561.134,cleaned_30s_segments/operating_segment_0090.csv,operating_segments_1s/operating_segment_0090.csv,train
5月17日08_00_5月17日18_00,operating_segment_0091,2024-05-17T09:48:58,2024-05-17T10:16:28,1650,1651,6.654400000000038,236.10431,6.654400000000038,236.10431,cleaned_30s_segments/operating_segment_0091.csv,operating_segments_1s/operating_segment_0091.csv,train
5月17日08_00_5月17日18_00,operating_segment_0092,2024-05-17T10:19:58,2024-05-17T11:33:28,4410,4411,11.339039999999997,138.26340000000002,11.339039999999997,138.26340000000002,cleaned_30s_segments/operating_segment_0092.csv,operating_segments_1s/operating_segment_0092.csv,train
5月17日08_00_5月17日18_00,operating_segment_0093,2024-05-17T15:38:59,2024-05-17T15:39:29,30,31,1.3947299999999994,2.1939170000000003,1.3947299999999994,2.1939170000000003,cleaned_30s_segments/operating_segment_0093.csv,operating_segments_1s/operating_segment_0093.csv,train
5月17日08_00_5月17日18_00,operating_segment_0094,2024-05-17T15:45:29,2024-05-17T16:30:29,2700,2701,12.389179999999982,712.2662000000001,12.389179999999982,712.2662000000001,cleaned_30s_segments/operating_segment_0094.csv,operating_segments_1s/operating_segment_0094.csv,train
5月17日08_00_5月17日18_00,operating_segment_0095,2024-05-17T16:31:29,2024-05-17T17:39:59,4110,4111,36.23399,266.37149999999997,36.233990000000006,266.37149999999997,cleaned_30s_segments/operating_segment_0095.csv,operating_segments_1s/operating_segment_0095.csv,train
5月20日08_00_5月20日18_00,operating_segment_0096,2024-05-20T08:29:33,2024-05-20T10:28:33,7140,7141,61.096900000000005,643.564,61.096900000000005,643.564,cleaned_30s_segments/operating_segment_0096.csv,operating_segments_1s/operating_segment_0096.csv,train
5月20日08_00_5月20日18_00,operating_segment_0097,2024-05-20T10:43:33,2024-05-20T12:13:34,5401,5402,34.07731999999999,232.3673,34.07731999999999,232.3673,cleaned_30s_segments/operating_segment_0097.csv,operating_segments_1s/operating_segment_0097.csv,train
5月20日08_00_5月20日18_00,operating_segment_0098,2024-05-20T12:14:34,2024-05-20T13:41:34,5220,5221,54.588609999999996,191.24346000000003,54.588609999999974,191.24346000000003,cleaned_30s_segments/operating_segment_0098.csv,operating_segments_1s/operating_segment_0098.csv,train
5月20日08_00_5月20日18_00,operating_segment_0099,2024-05-20T13:55:04,2024-05-20T13:59:34,270,271,32.07893,40.094409999999996,32.07893,40.094409999999996,cleaned_30s_segments/operating_segment_0099.csv,operating_segments_1s/operating_segment_0099.csv,train
5月20日08_00_5月20日18_00,operating_segment_0100,2024-05-20T14:42:04,2024-05-20T15:18:04,2160,2161,18.487954000000002,26.678963,18.487954000000002,26.678963,cleaned_30s_segments/operating_segment_0100.csv,operating_segments_1s/operating_segment_0100.csv,train
5月20日08_00_5月20日18_00,operating_segment_0101,2024-05-20T15:25:04,2024-05-20T16:13:34,2910,2911,8.634380000000007,253.90239999999997,8.634380000000007,253.90239999999997,cleaned_30s_segments/operating_segment_0101.csv,operating_segments_1s/operating_segment_0101.csv,train
5月20日08_00_5月20日18_00,operating_segment_0102,2024-05-20T16:15:04,2024-05-20T17:31:34,4590,4591,9.054860000000005,194.4257,9.054860000000005,194.4257,cleaned_30s_segments/operating_segment_0102.csv,operating_segments_1s/operating_segment_0102.csv,train
5月21日05_00_5月21日11_00,operating_segment_0103,2024-05-21T05:00:05,2024-05-21T05:29:05,1740,1741,-0.740619,0.46629500000000024,-0.740619,0.46629500000000035,cleaned_30s_segments/operating_segment_0103.csv,operating_segments_1s/operating_segment_0103.csv,train
5月21日05_00_5月21日11_00,operating_segment_0104,2024-05-21T05:36:05,2024-05-21T07:43:05,7620,7621,33.80271,813.5219999999999,33.80271,813.5219999999999,cleaned_30s_segments/operating_segment_0104.csv,operating_segments_1s/operating_segment_0104.csv,train
5月21日05_00_5月21日11_00,operating_segment_0105,2024-05-21T07:51:35,2024-05-21T10:34:35,9780,9781,36.82235,538.072,36.82235,538.072,cleaned_30s_segments/operating_segment_0105.csv,operating_segments_1s/operating_segment_0105.csv,train
5月24日08_00_5月24日19_00,operating_segment_0106,2024-05-24T08:00:12,2024-05-24T08:08:12,480,481,0.0016790000000000416,1.3758180000000002,0.0016790000000000416,1.3758180000000002,cleaned_30s_segments/operating_segment_0106.csv,operating_segments_1s/operating_segment_0106.csv,train
5月24日08_00_5月24日19_00,operating_segment_0107,2024-05-24T08:14:12,2024-05-24T09:46:12,5520,5521,1.603020000000015,579.8919000000001,1.603020000000015,579.8919000000001,cleaned_30s_segments/operating_segment_0107.csv,operating_segments_1s/operating_segment_0107.csv,train
5月24日08_00_5月24日19_00,operating_segment_0108,2024-05-24T09:47:12,2024-05-24T09:56:42,570,571,11.727820000000008,529.6016999999999,11.727820000000008,529.6016999999999,cleaned_30s_segments/operating_segment_0108.csv,operating_segments_1s/operating_segment_0108.csv,train
5月24日08_00_5月24日19_00,operating_segment_0109,2024-05-24T09:58:42,2024-05-24T09:59:12,30,31,16.329700000000003,28.5205,16.329700000000003,28.5205,cleaned_30s_segments/operating_segment_0109.csv,operating_segments_1s/operating_segment_0109.csv,train
5月24日08_00_5月24日19_00,operating_segment_0110,2024-05-24T10:00:12,2024-05-24T11:06:13,3961,3962,69.0554,695.7473,69.0554,695.7473,cleaned_30s_segments/operating_segment_0110.csv,operating_segments_1s/operating_segment_0110.csv,train
5月24日08_00_5月24日19_00,operating_segment_0111,2024-05-24T11:57:13,2024-05-24T11:58:13,60,61,26.75139999999999,33.92269999999999,26.75139999999999,33.92269999999999,cleaned_30s_segments/operating_segment_0111.csv,operating_segments_1s/operating_segment_0111.csv,train
5月24日08_00_5月24日19_00,operating_segment_0112,2024-05-24T11:59:13,2024-05-24T12:00:13,60,61,-0.7341000000000122,136.31864000000002,-0.7341000000000122,136.31864000000002,cleaned_30s_segments/operating_segment_0112.csv,operating_segments_1s/operating_segment_0112.csv,train
5月24日08_00_5月24日19_00,operating_segment_0113,2024-05-24T12:21:13,2024-05-24T12:26:43,330,331,3.905770000000004,18.030699999999996,3.905770000000004,18.030699999999996,cleaned_30s_segments/operating_segment_0113.csv,operating_segments_1s/operating_segment_0113.csv,train
5月24日08_00_5月24日19_00,operating_segment_0114,2024-05-24T12:32:43,2024-05-24T13:19:43,2820,2821,5.105759999999989,401.45560000000006,5.105759999999989,401.45560000000006,cleaned_30s_segments/operating_segment_0114.csv,operating_segments_1s/operating_segment_0114.csv,train
5月24日08_00_5月24日19_00,operating_segment_0115,2024-05-24T13:22:43,2024-05-24T13:28:13,330,331,55.24161000000001,65.75500000000001,55.24161000000001,65.75500000000001,cleaned_30s_segments/operating_segment_0115.csv,operating_segments_1s/operating_segment_0115.csv,train
5月24日08_00_5月24日19_00,operating_segment_0116,2024-05-24T13:31:13,2024-05-24T13:35:43,270,271,56.54321,65.21833,56.54321,65.21833,cleaned_30s_segments/operating_segment_0116.csv,operating_segments_1s/operating_segment_0116.csv,train
5月24日08_00_5月24日19_00,operating_segment_0117,2024-05-24T13:40:43,2024-05-24T13:59:13,1110,1111,54.492360000000005,70.85934,54.492360000000005,70.85934,cleaned_30s_segments/operating_segment_0117.csv,operating_segments_1s/operating_segment_0117.csv,train
5月24日08_00_5月24日19_00,operating_segment_0118,2024-05-24T14:01:43,2024-05-24T14:10:13,510,511,57.39734,63.838179999999994,57.39734,63.838179999999994,cleaned_30s_segments/operating_segment_0118.csv,operating_segments_1s/operating_segment_0118.csv,train
5月24日08_00_5月24日19_00,operating_segment_0119,2024-05-24T14:19:13,2024-05-24T14:25:13,360,361,53.22948,57.72529,53.22948,57.72529,cleaned_30s_segments/operating_segment_0119.csv,operating_segments_1s/operating_segment_0119.csv,train
5月24日08_00_5月24日19_00,operating_segment_0120,2024-05-24T14:28:43,2024-05-24T14:35:13,390,391,55.257570000000015,59.112210000000005,55.257570000000015,59.112210000000005,cleaned_30s_segments/operating_segment_0120.csv,operating_segments_1s/operating_segment_0120.csv,train
5月24日08_00_5月24日19_00,operating_segment_0121,2024-05-24T14:40:13,2024-05-24T16:34:13,6840,6841,59.68878000000001,479.9786,59.68878000000001,479.9786,cleaned_30s_segments/operating_segment_0121.csv,operating_segments_1s/operating_segment_0121.csv,train
5月27日08_00_5月27日19_00,operating_segment_0122,2024-05-27T08:00:20,2024-05-27T08:12:20,720,721,0.003881000000000037,0.00669100000000003,0.003881000000000037,0.00669100000000003,cleaned_30s_segments/operating_segment_0122.csv,operating_segments_1s/operating_segment_0122.csv,train
5月27日08_00_5月27日19_00,operating_segment_0123,2024-05-27T08:18:50,2024-05-27T10:37:51,8341,8342,42.349232,610.4552,42.349232,610.4552,cleaned_30s_segments/operating_segment_0123.csv,operating_segments_1s/operating_segment_0123.csv,train
5月27日08_00_5月27日19_00,operating_segment_0124,2024-05-27T10:38:51,2024-05-27T11:04:21,1530,1531,33.35962,266.894472,33.35962,266.894472,cleaned_30s_segments/operating_segment_0124.csv,operating_segments_1s/operating_segment_0124.csv,train
5月27日08_00_5月27日19_00,operating_segment_0125,2024-05-27T15:29:21,2024-05-27T15:29:51,30,31,1.3691180000000005,1.7436729999999991,1.3691180000000005,1.7436729999999991,cleaned_30s_segments/operating_segment_0125.csv,operating_segments_1s/operating_segment_0125.csv,train
5月27日08_00_5月27日19_00,operating_segment_0126,2024-05-27T15:35:51,2024-05-27T15:37:51,120,121,64.43200999999999,71.99839,64.43200999999999,71.99839,cleaned_30s_segments/operating_segment_0126.csv,operating_segments_1s/operating_segment_0126.csv,train
5月27日08_00_5月27日19_00,operating_segment_0127,2024-05-27T16:39:21,2024-05-27T18:00:51,4890,4891,20.159566000000005,649.1603,20.159566000000005,649.1603,cleaned_30s_segments/operating_segment_0127.csv,operating_segments_1s/operating_segment_0127.csv,train
5月29日14_00_5月29日17_00,operating_segment_0128,2024-05-29T14:00:26,2024-05-29T14:04:56,270,271,0.004525000000000036,0.008396000000000022,0.004525000000000036,0.008396000000000022,cleaned_30s_segments/operating_segment_0128.csv,operating_segments_1s/operating_segment_0128.csv,train
5月29日14_00_5月29日17_00,operating_segment_0129,2024-05-29T14:14:56,2024-05-29T15:14:26,3570,3571,34.60107000000001,547.5728999999999,34.60107000000001,547.5728999999999,cleaned_30s_segments/operating_segment_0129.csv,operating_segments_1s/operating_segment_0129.csv,train
5月29日14_00_5月29日17_00,operating_segment_0130,2024-05-29T15:15:26,2024-05-29T15:17:56,150,151,9.466899999999995,155.23453,9.466899999999995,155.23453,cleaned_30s_segments/operating_segment_0130.csv,operating_segments_1s/operating_segment_0130.csv,train
5月29日14_00_5月29日17_00,operating_segment_0131,2024-05-29T15:25:56,2024-05-29T15:26:26,30,31,0.7233700000000027,2.1588500000000153,0.7233700000000027,2.1588500000000153,cleaned_30s_segments/operating_segment_0131.csv,operating_segments_1s/operating_segment_0131.csv,train
5月29日14_00_5月29日17_00,operating_segment_0132,2024-05-29T15:27:26,2024-05-29T15:27:56,30,31,1.7618999999999971,2.627539999999996,1.7618999999999971,2.627539999999996,cleaned_30s_segments/operating_segment_0132.csv,operating_segments_1s/operating_segment_0132.csv,train
5月29日14_00_5月29日17_00,operating_segment_0133,2024-05-29T15:30:56,2024-05-29T16:29:27,3511,3512,6.264559999999989,309.70059999999995,6.264559999999989,309.70059999999995,cleaned_30s_segments/operating_segment_0133.csv,operating_segments_1s/operating_segment_0133.csv,train
5月30日05_00_5月30日17_00,operating_segment_0134,2024-05-30T05:17:58,2024-05-30T05:18:28,30,31,0.5351980000000003,0.6104279999999995,0.5351980000000003,0.6104279999999995,cleaned_30s_segments/operating_segment_0134.csv,operating_segments_1s/operating_segment_0134.csv,train
5月30日05_00_5月30日17_00,operating_segment_0135,2024-05-30T05:24:58,2024-05-30T10:05:29,16831,16832,32.63632,622.9323999999999,32.63632,622.9323999999999,cleaned_30s_segments/operating_segment_0135.csv,operating_segments_1s/operating_segment_0135.csv,train
5月30日05_00_5月30日17_00,operating_segment_0136,2024-05-30T10:43:59,2024-05-30T10:45:29,90,91,2.0438499999999777,18.76057999999999,2.0438499999999777,18.76057999999999,cleaned_30s_segments/operating_segment_0136.csv,operating_segments_1s/operating_segment_0136.csv,train
5月30日05_00_5月30日17_00,operating_segment_0137,2024-05-30T10:46:29,2024-05-30T10:49:29,180,181,16.19666000000001,448.5608,16.19666000000001,448.5608,cleaned_30s_segments/operating_segment_0137.csv,operating_segments_1s/operating_segment_0137.csv,train
5月30日05_00_5月30日17_00,operating_segment_0138,2024-05-30T11:36:59,2024-05-30T11:45:59,540,541,46.36286000000001,276.49839999999995,46.36286000000001,276.49839999999995,cleaned_30s_segments/operating_segment_0138.csv,operating_segments_1s/operating_segment_0138.csv,train
5月30日05_00_5月30日17_00,operating_segment_0139,2024-05-30T11:47:29,2024-05-30T11:50:29,180,181,89.67279999999998,216.26819000000003,89.67279999999998,216.26819000000003,cleaned_30s_segments/operating_segment_0139.csv,operating_segments_1s/operating_segment_0139.csv,train
5月30日05_00_5月30日17_00,operating_segment_0140,2024-05-30T11:53:29,2024-05-30T11:58:29,300,301,38.888600000000004,110.99134000000001,38.88860000000001,110.99134000000001,cleaned_30s_segments/operating_segment_0140.csv,operating_segments_1s/operating_segment_0140.csv,train
5月30日05_00_5月30日17_00,operating_segment_0141,2024-05-30T12:08:59,2024-05-30T12:09:29,30,31,12.19090000000002,28.79680000000002,12.19090000000002,28.79680000000002,cleaned_30s_segments/operating_segment_0141.csv,operating_segments_1s/operating_segment_0141.csv,train
5月30日05_00_5月30日17_00,operating_segment_0142,2024-05-30T12:12:59,2024-05-30T12:17:29,270,271,19.945680000000003,234.68815999999995,19.945680000000003,234.68815999999995,cleaned_30s_segments/operating_segment_0142.csv,operating_segments_1s/operating_segment_0142.csv,train
5月30日05_00_5月30日17_00,operating_segment_0143,2024-05-30T12:28:59,2024-05-30T15:42:00,11581,11582,32.09987999999999,424.2155,32.09987999999998,424.2155,cleaned_30s_segments/operating_segment_0143.csv,operating_segments_1s/operating_segment_0143.csv,train
5月30日05_00_5月30日17_00,operating_segment_0144,2024-05-30T15:47:00,2024-05-30T15:48:00,60,61,4.28249999999999,11.871000000000013,4.28249999999999,11.871000000000011,cleaned_30s_segments/operating_segment_0144.csv,operating_segments_1s/operating_segment_0144.csv,train
5月30日05_00_5月30日17_00,operating_segment_0145,2024-05-30T15:52:00,2024-05-30T15:58:30,390,391,36.338069999999995,57.58642999999999,36.338069999999995,57.58642999999999,cleaned_30s_segments/operating_segment_0145.csv,operating_segments_1s/operating_segment_0145.csv,train
6月4日08_00_6月4日12_00,operating_segment_0146,2024-06-04T08:00:12,2024-06-04T08:37:42,2250,2251,0.0033650000000000277,1.970870000000001,0.0033650000000000277,1.9708700000000015,cleaned_30s_segments/operating_segment_0146.csv,operating_segments_1s/operating_segment_0146.csv,train
6月4日08_00_6月4日12_00,operating_segment_0147,2024-06-04T08:43:42,2024-06-04T11:15:42,9120,9121,28.916330000000002,427.785305,28.916330000000002,427.785305,cleaned_30s_segments/operating_segment_0147.csv,operating_segments_1s/operating_segment_0147.csv,train
6月5日08_00_6月5日19_00,operating_segment_0148,2024-06-05T08:14:44,2024-06-05T11:06:14,10290,10291,29.39057,555.357,29.39057,555.357,cleaned_30s_segments/operating_segment_0148.csv,operating_segments_1s/operating_segment_0148.csv,train
6月5日08_00_6月5日19_00,operating_segment_0149,2024-06-05T12:20:15,2024-06-05T12:20:45,30,31,0.02359800000000003,0.02415900000000002,0.02359800000000003,0.02415900000000002,cleaned_30s_segments/operating_segment_0149.csv,operating_segments_1s/operating_segment_0149.csv,train
6月5日08_00_6月5日19_00,operating_segment_0150,2024-06-05T12:22:45,2024-06-05T14:27:15,7470,7471,0.007374000000000026,0.02584100000000003,0.007374000000000027,0.02584100000000003,cleaned_30s_segments/operating_segment_0150.csv,operating_segments_1s/operating_segment_0150.csv,train
6月5日08_00_6月5日19_00,operating_segment_0151,2024-06-05T14:33:15,2024-06-05T17:59:15,12360,12361,19.965767999999997,44.70052200000001,19.965767999999997,44.70052200000001,cleaned_30s_segments/operating_segment_0151.csv,operating_segments_1s/operating_segment_0151.csv,train
6月6日10_00_6月6日21_00,operating_segment_0152,2024-06-06T10:00:16,2024-06-06T10:09:16,540,541,0.003189000000000032,1.1754790000000004,0.003189000000000032,1.1754790000000006,cleaned_30s_segments/operating_segment_0152.csv,operating_segments_1s/operating_segment_0152.csv,train
6月6日10_00_6月6日21_00,operating_segment_0153,2024-06-06T10:16:16,2024-06-06T17:38:17,26521,26522,28.88901,901.9051,28.88901,901.9051,cleaned_30s_segments/operating_segment_0153.csv,operating_segments_1s/operating_segment_0153.csv,train
6月6日10_00_6月6日21_00,operating_segment_0154,2024-06-06T19:22:47,2024-06-06T20:01:47,2340,2341,19.368428,44.59998199999998,19.368428,44.59998199999998,cleaned_30s_segments/operating_segment_0154.csv,operating_segments_1s/operating_segment_0154.csv,train
6月6日10_00_6月6日21_00,operating_segment_0155,2024-06-06T20:08:47,2024-06-06T20:40:17,1890,1891,18.251235000000005,52.70700000000001,18.251235000000005,52.70700000000001,cleaned_30s_segments/operating_segment_0155.csv,operating_segments_1s/operating_segment_0155.csv,train
6月6日10_00_6月6日21_00,operating_segment_0156,2024-06-06T20:47:47,2024-06-06T20:53:47,360,361,21.022890999999998,22.677359,21.022890999999998,22.677359,cleaned_30s_segments/operating_segment_0156.csv,operating_segments_1s/operating_segment_0156.csv,train
6月7日00_00_6月7日24_00,operating_segment_0157,2024-06-07T01:50:18,2024-06-07T01:52:48,150,151,19.935902,22.981542,19.935902,22.981542,cleaned_30s_segments/operating_segment_0157.csv,operating_segments_1s/operating_segment_0157.csv,train
6月7日00_00_6月7日24_00,operating_segment_0158,2024-06-07T09:05:18,2024-06-07T09:35:48,1830,1831,42.172419999999995,88.52364999999999,42.172419999999995,88.52364999999999,cleaned_30s_segments/operating_segment_0158.csv,operating_segments_1s/operating_segment_0158.csv,train
6月7日00_00_6月7日24_00,operating_segment_0159,2024-06-07T09:36:48,2024-06-07T11:34:48,7080,7081,35.33727,346.080199,35.33727,346.080199,cleaned_30s_segments/operating_segment_0159.csv,operating_segments_1s/operating_segment_0159.csv,train
6月7日00_00_6月7日24_00,operating_segment_0160,2024-06-07T15:20:49,2024-06-07T15:27:49,420,421,30.868648000000004,43.02105400000001,30.868648000000004,43.02105400000001,cleaned_30s_segments/operating_segment_0160.csv,operating_segments_1s/operating_segment_0160.csv,train
6月11日08_00_6月11日11_00,operating_segment_0161,2024-06-11T08:18:30,2024-06-11T10:39:31,8461,8462,30.086252000000005,690.5202,30.086252000000005,690.5202,cleaned_30s_segments/operating_segment_0161.csv,operating_segments_1s/operating_segment_0161.csv,train
6月12日14_00_6月12日17_00,operating_segment_0162,2024-06-12T14:39:05,2024-06-12T16:18:05,5940,5941,31.11832,1048.0427,31.118320000000004,1048.0427,cleaned_30s_segments/operating_segment_0162.csv,operating_segments_1s/operating_segment_0162.csv,train
6月13日08_00_6月13日14_00,operating_segment_0163,2024-06-13T08:08:08,2024-06-13T09:05:08,3420,3421,122.02969999999999,1103.7015,122.02969999999999,1103.7015,cleaned_30s_segments/operating_segment_0163.csv,operating_segments_1s/operating_segment_0163.csv,train
6月13日08_00_6月13日14_00,operating_segment_0164,2024-06-13T09:06:08,2024-06-13T13:41:09,16501,16502,41.64233000000001,765.3726999999999,41.64233000000001,765.3726999999999,cleaned_30s_segments/operating_segment_0164.csv,operating_segments_1s/operating_segment_0164.csv,train
6月14日08_00_6月15日18_00,operating_segment_0165,2024-06-14T09:11:14,2024-06-14T17:15:46,29072,29073,33.673668,656.3025,33.673668,656.3025,cleaned_30s_segments/operating_segment_0165.csv,operating_segments_1s/operating_segment_0165.csv,train
6月14日08_00_6月15日18_00,operating_segment_0166,2024-06-14T18:27:16,2024-06-14T18:28:16,60,61,0.8663920000000006,2.260866000000002,0.8663920000000006,2.260866000000002,cleaned_30s_segments/operating_segment_0166.csv,operating_segments_1s/operating_segment_0166.csv,train
6月14日08_00_6月15日18_00,operating_segment_0167,2024-06-14T18:34:16,2024-06-14T19:15:46,2490,2491,0.06704699999999998,62.99164400000001,0.0670470000000023,62.99164400000001,cleaned_30s_segments/operating_segment_0167.csv,operating_segments_1s/operating_segment_0167.csv,train
6月14日08_00_6月15日18_00,operating_segment_0168,2024-06-14T19:44:46,2024-06-15T00:27:46,16980,16981,29.414063,117.18618299999997,29.414063,117.18618299999997,cleaned_30s_segments/operating_segment_0168.csv,operating_segments_1s/operating_segment_0168.csv,train
6月14日08_00_6月15日18_00,operating_segment_0169,2024-06-15T09:20:48,2024-06-15T09:28:18,450,451,24.086433,48.43879000000001,24.086433,48.43879000000001,cleaned_30s_segments/operating_segment_0169.csv,operating_segments_1s/operating_segment_0169.csv,train
6月14日08_00_6月15日18_00,operating_segment_0170,2024-06-15T16:28:19,2024-06-15T16:33:49,330,331,18.946568,30.764899999999997,18.946568,30.764899999999997,cleaned_30s_segments/operating_segment_0170.csv,operating_segments_1s/operating_segment_0170.csv,train
6月14日08_00_6月15日18_00,operating_segment_0171,2024-06-15T16:58:49,2024-06-15T16:59:49,60,61,18.713812000000004,19.80629,18.713812000000004,19.80629,cleaned_30s_segments/operating_segment_0171.csv,operating_segments_1s/operating_segment_0171.csv,train
6月17日09_00_6月17日16_00,operating_segment_0172,2024-06-17T09:32:26,2024-06-17T10:27:26,3300,3301,30.771189999999997,408.59448999999995,30.771189999999997,408.59448999999995,cleaned_30s_segments/operating_segment_0172.csv,operating_segments_1s/operating_segment_0172.csv,validation
6月17日09_00_6月17日16_00,operating_segment_0173,2024-06-17T10:28:26,2024-06-17T15:11:26,16980,16981,29.566391,750.691,29.566391,750.691,cleaned_30s_segments/operating_segment_0173.csv,operating_segments_1s/operating_segment_0173.csv,validation
6月20日08_00_6月20日16_00,operating_segment_0174,2024-06-20T09:16:37,2024-06-20T09:42:37,1560,1561,40.3536,532.8839,40.3536,532.8839,cleaned_30s_segments/operating_segment_0174.csv,operating_segments_1s/operating_segment_0174.csv,validation
6月20日08_00_6月20日16_00,operating_segment_0175,2024-06-20T09:43:37,2024-06-20T14:45:08,18091,18092,33.813768,846.5698,33.813768,846.5698,cleaned_30s_segments/operating_segment_0175.csv,operating_segments_1s/operating_segment_0175.csv,validation
6月26日08_00_6月26日13_00,operating_segment_0176,2024-06-26T08:14:58,2024-06-26T10:51:28,9390,9391,29.145569999999996,812.9463000000001,29.145569999999996,812.9463000000001,cleaned_30s_segments/operating_segment_0176.csv,operating_segments_1s/operating_segment_0176.csv,validation
6月26日08_00_6月26日13_00,operating_segment_0177,2024-06-26T11:01:58,2024-06-26T12:20:58,4740,4741,39.21633,549.5644,39.21633,549.5644,cleaned_30s_segments/operating_segment_0177.csv,operating_segments_1s/operating_segment_0177.csv,validation
6月28日08_00_6月28日15_00,operating_segment_0178,2024-06-28T08:59:33,2024-06-28T14:13:33,18840,18841,34.23733,1031.7937,34.23733,1031.7937,cleaned_30s_segments/operating_segment_0178.csv,operating_segments_1s/operating_segment_0178.csv,validation
6月30日05_00_6月30日11_00,operating_segment_0179,2024-06-30T05:20:09,2024-06-30T05:20:39,30,31,1.5068180000000002,1.8807119999999995,1.5068180000000002,1.8807119999999995,cleaned_30s_segments/operating_segment_0179.csv,operating_segments_1s/operating_segment_0179.csv,validation
6月30日05_00_6月30日11_00,operating_segment_0180,2024-06-30T05:27:10,2024-06-30T06:08:40,2490,2491,54.311840000000004,540.8497,54.311840000000004,540.8497,cleaned_30s_segments/operating_segment_0180.csv,operating_segments_1s/operating_segment_0180.csv,validation
6月30日05_00_6月30日11_00,operating_segment_0181,2024-06-30T06:09:40,2024-06-30T09:40:52,12672,12673,72.31320000000001,839.5921999999999,72.31320000000001,839.5921999999999,cleaned_30s_segments/operating_segment_0181.csv,operating_segments_1s/operating_segment_0181.csv,validation
6月30日05_00_6月30日11_00,operating_segment_0182,2024-06-30T09:41:41,2024-06-30T10:29:40,2879,2880,37.97118,447.11228,37.97118,447.11228,cleaned_30s_segments/operating_segment_0182.csv,operating_segments_1s/operating_segment_0182.csv,validation
7月2日14_00_7月2日18_00,operating_segment_0183,2024-07-02T14:27:48,2024-07-02T17:28:50,10862,10863,30.631520000000002,717.9379999999999,30.631520000000002,717.9379999999999,cleaned_30s_segments/operating_segment_0183.csv,operating_segments_1s/operating_segment_0183.csv,validation
7月3日08_00_7月3日16_00,operating_segment_0184,2024-07-03T08:28:52,2024-07-03T08:33:22,270,271,44.136858000000004,217.1825,44.136858000000004,217.1825,cleaned_30s_segments/operating_segment_0184.csv,operating_segments_1s/operating_segment_0184.csv,validation
7月3日08_00_7月3日16_00,operating_segment_0185,2024-07-03T08:34:22,2024-07-03T15:03:53,23371,23372,28.986063999999995,860.7763,28.986063999999995,860.7763,cleaned_30s_segments/operating_segment_0185.csv,operating_segments_1s/operating_segment_0185.csv,validation
7月9日08_00_7月9日16_00,operating_segment_0186,2024-07-09T08:25:48,2024-07-09T09:57:49,5521,5522,58.845040000000004,804.0984,58.845040000000004,804.0984,cleaned_30s_segments/operating_segment_0186.csv,operating_segments_1s/operating_segment_0186.csv,validation
7月9日08_00_7月9日16_00,operating_segment_0187,2024-07-09T10:01:52,2024-07-09T15:48:50,20818,20819,52.244764,842.4464,52.244764,842.4464,cleaned_30s_segments/operating_segment_0187.csv,operating_segments_1s/operating_segment_0187.csv,validation
7月10日08_00_7月10日18_00,operating_segment_0188,2024-07-10T08:50:53,2024-07-10T08:51:23,30,31,1.136562,1.181045999999999,1.136562,1.181045999999999,cleaned_30s_segments/operating_segment_0188.csv,operating_segments_1s/operating_segment_0188.csv,validation
7月10日08_00_7月10日18_00,operating_segment_0189,2024-07-10T08:57:53,2024-07-10T17:51:02,31989,31990,29.387759999999997,761.2289000000001,29.38776,761.2289000000001,cleaned_30s_segments/operating_segment_0189.csv,operating_segments_1s/operating_segment_0189.csv,validation
7月11日06_00_7月12日10_00,operating_segment_0190,2024-07-11T06:11:33,2024-07-11T06:12:03,30,31,0.8499120000000002,1.9101519999999992,0.8499120000000002,1.9101519999999992,cleaned_30s_segments/operating_segment_0190.csv,operating_segments_1s/operating_segment_0190.csv,validation
7月11日06_00_7月12日10_00,operating_segment_0191,2024-07-11T06:18:33,2024-07-12T08:13:05,93272,93273,30.710472000000006,949.9090000000001,30.710472000000006,949.9090000000001,cleaned_30s_segments/operating_segment_0191.csv,operating_segments_1s/operating_segment_0191.csv,validation
7月11日06_00_7月12日10_00,operating_segment_0192,2024-07-12T08:19:35,2024-07-12T09:10:35,3060,3061,33.705083,590.3615000000001,33.705083,590.3615000000001,cleaned_30s_segments/operating_segment_0192.csv,operating_segments_1s/operating_segment_0192.csv,validation
7月15日14_00_7月15日16_00,operating_segment_0193,2024-07-15T14:12:43,2024-07-15T14:13:13,30,31,0.8345099999999994,1.276653,0.8345099999999994,1.276653,cleaned_30s_segments/operating_segment_0193.csv,operating_segments_1s/operating_segment_0193.csv,validation
7月15日14_00_7月15日16_00,operating_segment_0194,2024-07-15T14:19:13,2024-07-15T15:45:43,5190,5191,28.944202,792.3338000000001,28.944202,792.3338000000001,cleaned_30s_segments/operating_segment_0194.csv,operating_segments_1s/operating_segment_0194.csv,validation
7月18日08_00_7月18日12_00,operating_segment_0195,2024-07-18T08:46:20,2024-07-18T10:56:20,7800,7801,35.64856999999999,810.528,35.64856999999999,810.528,cleaned_30s_segments/operating_segment_0195.csv,operating_segments_1s/operating_segment_0195.csv,validation
7月19日07_00_7月19日09_00,operating_segment_0196,2024-07-19T07:28:52,2024-07-19T07:29:22,30,31,0.5846009999999994,0.6951180000000005,0.5846009999999994,0.6951180000000005,cleaned_30s_segments/operating_segment_0196.csv,operating_segments_1s/operating_segment_0196.csv,validation
7月19日07_00_7月19日09_00,operating_segment_0197,2024-07-19T07:35:22,2024-07-19T08:59:52,5070,5071,56.97987,753.8109999999999,56.97987,753.8109999999999,cleaned_30s_segments/operating_segment_0197.csv,operating_segments_1s/operating_segment_0197.csv,validation
7月22日08_00_7月22日11_00,operating_segment_0198,2024-07-22T08:56:58,2024-07-22T10:57:58,7260,7261,30.409000000000006,763.3790000000001,30.409000000000006,763.3790000000001,cleaned_30s_segments/operating_segment_0198.csv,operating_segments_1s/operating_segment_0198.csv,test
7月23日12_00_7月23日15_00,operating_segment_0199,2024-07-23T12:24:01,2024-07-23T14:25:01,7260,7261,33.751858,367.802,33.751858,367.802,cleaned_30s_segments/operating_segment_0199.csv,operating_segments_1s/operating_segment_0199.csv,test
7月24日14_00_7月24日17_00,operating_segment_0200,2024-07-24T14:07:03,2024-07-24T14:07:33,30,31,-0.23455899999999985,0.6164249999999999,-0.23455899999999985,0.6164249999999999,cleaned_30s_segments/operating_segment_0200.csv,operating_segments_1s/operating_segment_0200.csv,test
7月24日14_00_7月24日17_00,operating_segment_0201,2024-07-24T14:16:03,2024-07-24T16:47:03,9060,9061,61.51112,682.6894000000001,61.51112,682.6894000000001,cleaned_30s_segments/operating_segment_0201.csv,operating_segments_1s/operating_segment_0201.csv,test
7月24日14_00_7月24日17_00,operating_segment_0202,2024-07-24T16:53:03,2024-07-24T16:58:03,300,301,41.84557299999999,76.50330000000001,41.84557299999998,76.50330000000001,cleaned_30s_segments/operating_segment_0202.csv,operating_segments_1s/operating_segment_0202.csv,test
7月25日08_00_7月25日17_00,operating_segment_0203,2024-07-25T08:25:04,2024-07-25T16:42:35,29851,29852,32.87303,905.5203000000001,32.87303,905.5203000000001,cleaned_30s_segments/operating_segment_0203.csv,operating_segments_1s/operating_segment_0203.csv,test
7月26日11_00_7月26日13_00,operating_segment_0204,2024-07-26T11:04:37,2024-07-26T11:06:07,90,91,0.47354299999999994,0.9925730000000001,0.47354299999999994,0.9925730000000001,cleaned_30s_segments/operating_segment_0204.csv,operating_segments_1s/operating_segment_0204.csv,test
7月26日11_00_7月26日13_00,operating_segment_0205,2024-07-26T11:13:07,2024-07-26T11:28:37,930,931,194.7671,488.77570000000003,194.7671,488.77570000000003,cleaned_30s_segments/operating_segment_0205.csv,operating_segments_1s/operating_segment_0205.csv,test
7月26日11_00_7月26日13_00,operating_segment_0206,2024-07-26T11:29:37,2024-07-26T12:12:07,2550,2551,46.973324000000005,496.98179999999996,46.973324000000005,496.98179999999996,cleaned_30s_segments/operating_segment_0206.csv,operating_segments_1s/operating_segment_0206.csv,test
7月29日14_00_7月29日17_00,operating_segment_0207,2024-07-29T14:27:13,2024-07-29T16:12:13,6300,6301,29.67001,694.6093,29.670009999999998,694.6093,cleaned_30s_segments/operating_segment_0207.csv,operating_segments_1s/operating_segment_0207.csv,test
7月31日08_00_7月31日11_00,operating_segment_0208,2024-07-31T08:25:17,2024-07-31T08:25:47,30,31,0.844746,1.3095940000000006,0.844746,1.3095940000000006,cleaned_30s_segments/operating_segment_0208.csv,operating_segments_1s/operating_segment_0208.csv,test
7月31日08_00_7月31日11_00,operating_segment_0209,2024-07-31T08:32:17,2024-07-31T10:25:47,6810,6811,37.83027,609.885,37.83027,609.885,cleaned_30s_segments/operating_segment_0209.csv,operating_segments_1s/operating_segment_0209.csv,test
