voyage_id,split,action_id,action_name,q_h2,q_batt,q_soc,q_fc_var,sample_count,transition_count,completed,episode_steps,minimum_soc,final_soc,total_fixed_reward,mean_fixed_reward_per_step,hydrogen_kg,battery_net_energy_kwh,maximum_fc_step_change_kw,first_failure_decision_index,first_failure_execution_index,failure_soc,failure_previous_fc_kw,future_6_loads,solver_status
voyage_001,train,0,candidate_C,0.25,0.4,12.0,20.0,10770,10769,True,10769,0.4463015820671608,0.6186814220860609,-173032.8170795898,-16.067677321904522,49.4832881999076,-42.85720738170028,0.5704955561367342,,,,,,solved
voyage_001,train,1,fast_fc_response,0.25,0.6,12.0,5.0,10770,10769,True,10769,0.4807717868877188,0.5302919203636645,-70588.40516928466,-6.554778082392484,46.334476790044704,12.297841693071323,1.3809564227254327,,,,,,solved
voyage_001,train,2,medium_response,0.25,0.5,10.0,10.0,10770,10769,True,10769,0.46384774532066353,0.5604067782492488,-118153.97627290276,-10.97167576125014,47.387879867415286,-6.493829627532928,0.7347331922136959,,,,,,solved
voyage_001,train,3,balanced,0.25,0.4,10.0,12.0,10770,10769,True,10769,0.45709357933393013,0.5812868589022419,-140431.22085104274,-13.040321371626218,48.15017726319694,-19.522999954997662,0.6459649320923404,,,,,,solved
voyage_001,train,4,strong_fc_smoothing,0.25,0.25,12.0,30.0,10770,10769,True,10769,0.4090565800782601,0.659706241558698,-301014.4857346762,-27.951944074164377,51.09773759598124,-68.45669473262762,0.5287790210502408,,,,,,solved
voyage_001,train,5,soc_recovery,0.15,0.35,20.0,12.0,10770,10769,True,10769,0.4835321287425666,0.5948158863748602,-56743.15751133022,-5.269120392917654,48.60747690621418,-27.965113097914504,0.9736501037231164,,,,,,solved
voyage_001,train,6,economic_discharge,0.5,0.25,6.0,8.0,10770,10769,True,10769,0.3677356932901728,0.5000466932532832,-730646.9059810169,-67.84723799619435,45.29674444571113,31.17086340994964,0.663507492262184,,,,,,solved
voyage_002,train,0,candidate_C,0.25,0.4,12.0,20.0,7171,7170,True,7170,0.4658991542010699,0.5775193486509462,-74614.25913510587,-10.406451762218392,23.17775837925945,-17.172073558190938,0.3951819254286306,,,,,,solved
voyage_002,train,1,fast_fc_response,0.25,0.6,12.0,5.0,7171,7170,True,7170,0.5029697901671855,0.5359050818578057,-29788.882825235178,-4.1546559031011405,21.80714438350894,8.795228920727276,1.1858486966328314,,,,,,solved
voyage_002,train,2,medium_response,0.25,0.5,10.0,10.0,7171,7170,True,7170,0.4877176656297861,0.5554787830469351,-54975.080509167616,-7.667375245351132,22.409138461711933,-3.418760621287563,0.5600356878192088,,,,,,solved
voyage_002,train,3,balanced,0.25,0.4,10.0,12.0,7171,7170,True,7170,0.47712302477444213,0.5686980206557775,-66110.65704198541,-9.220454259691131,22.866882431708955,-11.667564889205941,0.4592223892520906,,,,,,solved
voyage_002,train,4,strong_fc_smoothing,0.25,0.25,12.0,30.0,7171,7170,True,7170,0.4387040953831279,0.5409839199210313,-119155.41985564993,-16.618608069128303,22.04324341487849,5.626033969275976,0.3260215970138347,,,,,,solved
voyage_002,train,5,soc_recovery,0.15,0.35,20.0,12.0,7171,7170,True,7170,0.4995888551877152,0.5915123504419878,-26224.81581053011,-3.657575426852177,23.886365307812685,-25.903706675800667,0.8643252086056918,,,,,,solved
voyage_002,train,6,economic_discharge,0.5,0.25,6.0,8.0,7171,7170,True,7170,0.39081183620415777,0.48282484408055615,-421642.58553503087,-58.80649728522049,19.958238274895194,41.917297293733135,0.3776208323579624,,,,,,solved
voyage_003,train,0,candidate_C,0.25,0.4,12.0,20.0,14370,14369,True,14369,0.21601829050082996,0.5554098445273166,-984483.2552468502,-68.51438897952886,53.353885955138345,-3.3757429850472094,0.8307854502991177,,,,,,solved
voyage_003,train,1,fast_fc_response,0.25,0.6,12.0,5.0,14370,14369,True,14369,0.29339493901349334,0.5308980050912607,-445762.62694427447,-31.022522579460954,52.07751597368127,11.919644823054586,1.6799667191882577,,,,,,solved
voyage_003,train,2,medium_response,0.25,0.5,10.0,10.0,14370,14369,True,14369,0.25502876578142686,0.5324813298500224,-673424.2678115383,-46.866467242782264,52.37215984282023,10.931650173585687,1.0146626936654002,,,,,,solved
voyage_003,train,3,balanced,0.25,0.4,10.0,12.0,14370,14369,True,14369,0.23782933463828831,0.5299913021679169,-797283.5300627468,-55.48636161617001,52.45783786681574,12.485427447217136,0.930810869616721,,,,,,solved
voyage_003,train,4,strong_fc_smoothing,0.25,0.25,12.0,30.0,14370,14369,False,5381,,,,,,,,5381,5382,0.20060787194097474,560.0,"[794.7113432844588,794.6409159097789,794.5679492382862,794.4928942443006,794.4162019021398,794.3383231861235]",primal infeasible
voyage_003,train,5,soc_recovery,0.15,0.35,20.0,12.0,14370,14369,True,14369,0.28392826947442334,0.5579029001781759,-488895.8350773612,-34.024346515231485,53.57163187473027,-4.9314097111814155,0.9881363269857957,,,,,,solved
voyage_003,train,6,economic_discharge,0.5,0.25,6.0,8.0,14370,14369,False,5403,,,,,,,,5403,5404,0.20052994970288895,559.9999999999998,"[793.2618388746153,793.2316483960522,793.2047372756382,793.1807178185732,793.1592023300566,793.1398031152881]",primal infeasible
voyage_004,train,0,candidate_C,0.25,0.4,12.0,20.0,10771,10770,True,10770,0.4015630702570461,0.5470086754241855,-210727.58419607376,-19.566163806506385,47.71124052757667,1.8665865353081803,0.62804221393381,,,,,,solved
voyage_004,train,1,fast_fc_response,0.25,0.6,12.0,5.0,10771,10770,True,10770,0.4522321809599218,0.5320244503017505,-88671.75393330374,-8.233217635404246,47.2378264736969,11.216743011704756,2.101664408756136,,,,,,solved
voyage_004,train,2,medium_response,0.25,0.5,10.0,10.0,10771,10770,True,10770,0.4291471159250466,0.5385136380760339,-143643.55510948476,-13.33737744749162,47.32684742490212,7.167489840556826,1.1337055988297209,,,,,,solved
voyage_004,train,3,balanced,0.25,0.4,10.0,12.0,10771,10770,True,10770,0.4182421931271478,0.5362801154975722,-172688.3143543264,-16.034198175889173,47.339927719490156,8.561207929517769,0.8752872806493883,,,,,,solved
voyage_004,train,4,strong_fc_smoothing,0.25,0.25,12.0,30.0,10771,10770,True,10770,0.3532083665280641,0.5740951509625424,-350061.2197998361,-32.50336302691143,48.520523537852064,-15.03537420062593,0.5063654967242428,,,,,,solved
voyage_004,train,5,soc_recovery,0.15,0.35,20.0,12.0,10771,10770,True,10770,0.4745038422303793,0.5706723130594598,-67464.56318215613,-6.264119144118489,48.77688779375802,-12.899523349104147,1.1750467275645633,,,,,,solved
voyage_004,train,6,economic_discharge,0.5,0.25,6.0,8.0,10771,10770,True,10770,0.3189667503329301,0.46382119790766696,-808780.2221500094,-75.09565665273996,44.68616843677049,53.77557250561696,0.6939026246259345,,,,,,solved
voyage_005,train,0,candidate_C,0.25,0.4,12.0,20.0,25170,25169,True,25169,0.2815758819611516,0.5742646123316814,-1253972.1491224712,-49.822088645654226,99.00765248612223,-15.141118094969348,0.6545344220538709,,,,,,solved
voyage_005,train,1,fast_fc_response,0.25,0.6,12.0,5.0,25170,25169,True,25169,0.3633277175148352,0.5305994610559864,-458194.6911610288,-18.20472371413361,97.01816047685489,12.105936301065835,1.7825672955458458,,,,,,solved
voyage_005,train,2,medium_response,0.25,0.5,10.0,10.0,25170,25169,True,25169,0.3258828100144639,0.5431081612606596,-767738.6266036086,-30.503342469053543,97.59839640922122,4.300507373347778,0.9272808488741049,,,,,,solved
voyage_005,train,3,balanced,0.25,0.4,10.0,12.0,25170,25169,True,25169,0.30710614847716466,0.5513502261401996,-945612.8362667647,-37.57053662309844,98.03578097054681,-0.8425411114872765,0.7373447462086915,,,,,,solved
voyage_005,train,4,strong_fc_smoothing,0.25,0.25,12.0,30.0,25170,25169,True,25169,0.22973093243038845,0.5802010093508415,-2170676.6600750675,-86.2440565805184,99.62242236981186,-18.845429834924605,0.5494745770964755,,,,,,solved
voyage_005,train,5,soc_recovery,0.15,0.35,20.0,12.0,25170,25169,True,25169,0.35748848519563214,0.5624041608810095,-475441.78987562546,-18.88997536158073,98.66242520844564,-7.740196389751498,0.9982978186188802,,,,,,solved
voyage_005,train,6,economic_discharge,0.5,0.25,6.0,8.0,25170,25169,True,25169,0.22328234742044575,0.4766541386412295,-2708768.5527818147,-107.6232092169659,95.18010509114158,45.767817487873465,0.6022607620320173,,,,,,solved
voyage_006,train,0,candidate_C,0.25,0.4,12.0,20.0,10770,10769,True,10769,0.435929911426012,0.5850263121293803,-127074.97616040644,-11.800072073582175,33.09731107670704,-21.85641876873539,0.5091997931758527,,,,,,solved
voyage_006,train,1,fast_fc_response,0.25,0.6,12.0,5.0,10770,10769,True,10769,0.5014370315124245,0.5347680391303612,-35004.23491297603,-3.250462894695518,31.230157543494595,9.504743582654566,1.645145836899303,,,,,,solved
voyage_006,train,2,medium_response,0.25,0.5,10.0,10.0,10770,10769,True,10769,0.47206878160752197,0.554644682323031,-63965.53916354711,-5.939784489139856,31.944081659410116,-2.898281769573415,0.9430037804110611,,,,,,solved
voyage_006,train,3,balanced,0.25,0.4,10.0,12.0,10770,10769,True,10769,0.45636528243353125,0.567489338188119,-87448.26973057796,-8.120370482921158,32.420558108646254,-10.913347029386289,0.7215182273556451,,,,,,solved
voyage_006,train,4,strong_fc_smoothing,0.25,0.25,12.0,30.0,10770,10769,True,10769,0.39122725624786264,0.5734954661171076,-219495.84720744967,-20.3821940019918,32.90835844604377,-14.661170857074612,0.45667134893807315,,,,,,solved
voyage_006,train,5,soc_recovery,0.15,0.35,20.0,12.0,10770,10769,True,10769,0.4905086662798897,0.5836292494433487,-36001.8168210387,-3.3430974854711395,33.084602419384964,-20.98465165265004,0.9596077261931271,,,,,,solved
voyage_006,train,6,economic_discharge,0.5,0.25,6.0,8.0,10770,10769,True,10769,0.3711139400006308,0.48614456697059333,-518256.3269131661,-48.12483303121609,29.484248010465482,39.84579021034959,0.48338541412991276,,,,,,solved
voyage_007,train,0,candidate_C,0.25,0.4,12.0,20.0,10771,10770,True,10770,0.42529456717502695,0.5795594234386607,-156347.75333172726,-14.516968740178948,46.82854829668921,-18.44508022572208,0.5086294780834351,,,,,,solved
voyage_007,train,1,fast_fc_response,0.25,0.6,12.0,5.0,10771,10770,True,10770,0.47943232000066194,0.5367580089793461,-60667.089482723524,-5.632970239807198,45.41591424643409,8.263002396889735,2.162739937111496,,,,,,solved
voyage_007,train,2,medium_response,0.25,0.5,10.0,10.0,10771,10770,True,10770,0.4524447189874072,0.5435575510563427,-105940.58440577055,-9.836637363581296,45.45576629973989,4.020088140841806,0.803884425403794,,,,,,solved
voyage_007,train,3,balanced,0.25,0.4,10.0,12.0,10771,10770,True,10770,0.44130788735218096,0.5478581784637206,-125184.97166075531,-11.623488547888144,45.646577186678265,1.3364966386374078,0.6938385747777716,,,,,,solved
voyage_007,train,4,strong_fc_smoothing,0.25,0.25,12.0,30.0,10771,10770,True,10770,0.3779019601553202,0.6405293492844318,-289324.17469723785,-26.86389737207408,49.00692454711768,-56.49031395348849,0.4646243905552865,,,,,,solved
voyage_007,train,5,soc_recovery,0.15,0.35,20.0,12.0,10771,10770,True,10770,0.4923384079626993,0.5634129608941687,-46073.20942308567,-4.277921023499133,46.32578155378892,-8.369687597959933,0.9771646460427519,,,,,,solved
voyage_007,train,6,economic_discharge,0.5,0.25,6.0,8.0,10771,10770,True,10770,0.33865992304580667,0.4766740999842928,-717899.1504388847,-66.65730273341548,43.166853189378514,45.755361609802016,0.6596831699219479,,,,,,solved
voyage_008,train,0,candidate_C,0.25,0.4,12.0,20.0,14341,14340,True,14340,0.31971411714397213,0.5033119197449148,-366721.74844095885,-25.573343684864636,48.31215594172976,29.13336207917387,0.7118363192690822,,,,,,solved
voyage_008,train,1,fast_fc_response,0.25,0.6,12.0,5.0,14341,14340,True,14340,0.3601304320805925,0.5087894699037351,-209530.4622300895,-14.611608244776116,48.285992503179614,25.715370780071016,2.564414396745974,,,,,,solved
voyage_008,train,2,medium_response,0.25,0.5,10.0,10.0,14341,14340,True,14340,0.3359466202077095,0.5058530062210517,-301484.3656814902,-21.024014343200154,48.24188354491703,27.547724118065894,1.1974506232712088,,,,,,solved
voyage_008,train,3,balanced,0.25,0.4,10.0,12.0,14341,14340,True,14340,0.326852371915775,0.5058974176859312,-338537.9445058826,-23.607945920912318,48.3078400478605,27.520011363980327,0.8861953611009312,,,,,,solved
voyage_008,train,4,strong_fc_smoothing,0.25,0.25,12.0,30.0,14341,14340,True,14340,0.2721342060125971,0.45733493062903285,-611287.2174817031,-42.62811837389841,47.14213850327972,57.823003287483914,0.6489598788756439,,,,,,solved
voyage_008,train,5,soc_recovery,0.15,0.35,20.0,12.0,14341,14340,True,14340,0.35238212686968245,0.5365045988111105,-213351.39034658394,-14.8780606936251,49.67568290649547,8.421130341866021,1.3079759123309032,,,,,,solved
voyage_008,train,6,economic_discharge,0.5,0.25,6.0,8.0,14341,14340,True,14340,0.24349074994487419,0.4201443895999395,-1155771.2417128885,-80.59771560061984,45.3187150875554,81.02990088964053,0.7900696157038283,,,,,,solved
voyage_009,train,0,candidate_C,0.25,0.4,12.0,20.0,14371,14370,True,14370,0.49348842558378353,0.556182329006249,-51021.09389420208,-3.5505284547113485,18.867625562387456,-3.857773299900482,0.3470866655079874,,,,,,solved
voyage_009,train,1,fast_fc_response,0.25,0.6,12.0,5.0,14371,14370,True,14370,0.5073438073491715,0.5324657926061266,-37938.80302937717,-2.6401393896574232,18.094017060315306,10.941345413777448,1.85461184194682,,,,,,solved
voyage_009,train,2,medium_response,0.25,0.5,10.0,10.0,14371,14370,True,14370,0.49893162874930813,0.5372609130016602,-56554.07656489396,-3.9355655229571305,18.228794121648065,7.9491902869627955,0.8703127831731052,,,,,,solved
voyage_009,train,3,balanced,0.25,0.4,10.0,12.0,14371,14370,True,14370,0.4984890351559515,0.5418955248703942,-59562.42816878953,-4.144914973471783,18.387909096805057,5.057192480879194,0.598508573522821,,,,,,solved
voyage_009,train,4,strong_fc_smoothing,0.25,0.25,12.0,30.0,14371,14370,True,14370,0.47799800732674985,0.5772495923405581,-80502.38305240858,-5.602114339068098,19.66277786076343,-17.00374562051086,0.2148974318466088,,,,,,solved
voyage_009,train,5,soc_recovery,0.15,0.35,20.0,12.0,14371,14370,True,14370,0.5159553415607415,0.563263289608048,-12008.06682535326,-0.8356344346105261,19.152833800318874,-8.276292715423958,0.6597894652045397,,,,,,solved
voyage_009,train,6,economic_discharge,0.5,0.25,6.0,8.0,14371,14370,True,14370,0.42325258887562334,0.4676034650150027,-578219.3276531508,-40.23794903640576,15.98976266705334,51.415437830638474,0.5577282724412669,,,,,,solved
voyage_010,train,0,candidate_C,0.25,0.4,12.0,20.0,10770,10769,True,10769,0.4358170268098646,0.6086308647844612,-165702.2688386164,-15.386968970063739,37.89916434297833,-36.58565962550251,0.4955123054711521,,,,,,solved
voyage_010,train,1,fast_fc_response,0.25,0.6,12.0,5.0,10770,10769,True,10769,0.49926069765128456,0.5375561035053377,-41393.08416906675,-3.843725895539674,35.21193195403129,7.764991412670984,1.5434536028089099,,,,,,solved
voyage_010,train,2,medium_response,0.25,0.5,10.0,10.0,10770,10769,True,10769,0.4710385001827149,0.5563322136007056,-78508.34697674982,-7.290217009634118,35.86801310928972,-3.9513012868420416,0.8735098177524492,,,,,,solved
voyage_010,train,3,balanced,0.25,0.4,10.0,12.0,10770,10769,True,10769,0.455212645519843,0.5699227201228301,-103438.86051619315,-9.605242874565247,36.39937487866513,-12.431777356644822,0.7037240434309524,,,,,,solved
voyage_010,train,4,strong_fc_smoothing,0.25,0.25,12.0,30.0,10770,10769,True,10769,0.39238377943433844,0.6801029057258001,-418191.26430598035,-38.832878104371844,40.7181245156077,-81.18421317289709,0.5587883234070432,,,,,,solved
voyage_010,train,5,soc_recovery,0.15,0.35,20.0,12.0,10770,10769,True,10769,0.48480897395779926,0.5716688946037729,-37824.61483112382,-3.5123609277670926,36.70880606064175,-13.52139023275196,0.9799410915683495,,,,,,solved
voyage_010,train,6,economic_discharge,0.5,0.25,6.0,8.0,10770,10769,True,10769,0.3707517580848794,0.49134023020444856,-612829.3153953333,-56.90679871811063,33.519118964059594,36.60369635242547,0.6013034219536735,,,,,,solved
voyage_011,train,0,candidate_C,0.25,0.4,12.0,20.0,28771,28770,False,5651,,,,,,,,5651,5652,0.20085667856330805,560.0,"[937.2539949706749,936.8179307112808,936.3705945039583,935.915237046907,935.4551090383278,934.9934611764209]",primal infeasible
voyage_011,train,1,fast_fc_response,0.25,0.6,12.0,5.0,28771,28770,False,6043,,,,,,,,6043,6044,0.20101956946078217,560.0,"[947.4333144973856,947.1945947059592,946.9409922249058,946.6746731701544,946.3978036576356,946.1125498032791]",primal infeasible
voyage_011,train,2,medium_response,0.25,0.5,10.0,10.0,28771,28770,False,5872,,,,,,,,5872,5873,0.20089905426655982,560.0000000000001,"[939.365872228598,939.5093632697176,939.6470347951764,939.7784496710444,939.9031707633908,940.0207609382858]",primal infeasible
voyage_011,train,3,balanced,0.25,0.4,10.0,12.0,28771,28770,False,5776,,,,,,,,5776,5777,0.20090392110535557,559.9999999999999,"[949.9963749317155,949.8611954478495,949.7166646657464,949.5620429337318,949.3965906001306,949.2195680132686]",primal infeasible
voyage_011,train,4,strong_fc_smoothing,0.25,0.25,12.0,30.0,28771,28770,False,5384,,,,,,,,5384,5385,0.20097923099780327,560.0,"[928.8947026769126,929.6319787026656,930.370763275044,931.1061169644676,931.8331003413568,932.5467739761318]",primal infeasible
voyage_011,train,5,soc_recovery,0.15,0.35,20.0,12.0,28771,28770,False,5903,,,,,,,,5903,5904,0.20095200194448481,560.0000000000002,"[941.8998578114355,942.018828495427,942.1483412192424,942.2891553572449,942.4420302837968,942.6077253732609]",primal infeasible
voyage_011,train,6,economic_discharge,0.5,0.25,6.0,8.0,28771,28770,False,5528,,,,,,,,5528,5529,0.20091202033195701,559.9999999999998,"[922.4648650130576,922.2925713043496,922.1120954296408,921.9251744248184,921.7335453257692,921.5389451683811]",primal infeasible
voyage_012,train,0,candidate_C,0.25,0.4,12.0,20.0,32371,32370,True,32370,0.4696511807066564,0.5506806625454308,-165019.9882532048,-5.097929819376113,49.68063469699078,-0.42473342835141215,0.4024359809289706,,,,,,solved
voyage_012,train,1,fast_fc_response,0.25,0.6,12.0,5.0,32371,32370,True,32370,0.5054834061885041,0.5279240446842127,-93203.03172013353,-2.8793028025991205,48.85985959940256,13.775396117058378,1.2517011836564507,,,,,,solved
voyage_012,train,2,medium_response,0.25,0.5,10.0,10.0,32371,32370,True,32370,0.48471950662519936,0.5316649230848811,-119981.50211184988,-3.7065647856611026,48.885411162588774,11.441087995034138,0.557674511382622,,,,,,solved
voyage_012,train,3,balanced,0.25,0.4,10.0,12.0,32371,32370,True,32370,0.47611284477409105,0.5384231117142724,-125553.59127700665,-3.8787022328392537,49.126112437248274,7.22397829029527,0.456137088090685,,,,,,solved
voyage_012,train,4,strong_fc_smoothing,0.25,0.25,12.0,30.0,32371,32370,True,32370,0.4378629750652996,0.5787941794801884,-655532.0867761343,-20.25122294643603,51.196451248745554,-17.967567995638003,0.380534032583455,,,,,,solved
voyage_012,train,5,soc_recovery,0.15,0.35,20.0,12.0,32371,32370,True,32370,0.4978387465580281,0.5565821726443504,-49639.35462849941,-1.5334987528112267,50.09260573930689,-4.1072757300688165,0.6905047295722397,,,,,,solved
voyage_012,train,6,economic_discharge,0.5,0.25,6.0,8.0,32371,32370,True,32370,0.4003861391810114,0.46477743186640297,-1449380.3026724393,-44.77541868002593,46.64669218414066,53.17888251536485,0.3809247710246666,,,,,,solved
voyage_013,train,0,candidate_C,0.25,0.4,12.0,20.0,39571,39570,False,31061,,,,,,,,31061,31062,0.2003266661746794,560.0,"[689.1668001649682,688.5777022338011,687.9621681293148,687.3231639334326,686.6636557280779,685.9866095951737]",primal infeasible
voyage_013,train,1,fast_fc_response,0.25,0.6,12.0,5.0,39571,39570,True,39570,0.21989690563733125,0.5353152116681261,-2318716.219614188,-58.597832186358055,156.24348504644632,9.163307919087773,2.0197478751850895,,,,,,solved
voyage_013,train,2,medium_response,0.25,0.5,10.0,10.0,39571,39570,False,31669,,,,,,,,31669,31670,0.20028414009787446,560.0000000000001,"[674.6298263308544,674.3007905480246,673.9861927029224,673.686320727375,673.4014625532093,673.1319061122521]",primal infeasible
voyage_013,train,3,balanced,0.25,0.4,10.0,12.0,39571,39570,False,31453,,,,,,,,31453,31454,0.20026839770154642,559.9999999999999,"[673.4836723515114,673.921906942237,674.3483161379205,674.7634031914225,675.1676713556035,675.5616238833243]",primal infeasible
voyage_013,train,4,strong_fc_smoothing,0.25,0.25,12.0,30.0,39571,39570,False,29773,,,,,,,,29773,29774,0.20025515141977954,560.0,"[669.1842874724077,669.6649716872134,670.1746605981327,670.7097499222318,671.2666353765769,671.8417126782344]",primal infeasible
voyage_013,train,5,soc_recovery,0.15,0.35,20.0,12.0,39571,39570,True,39570,0.20904046000712814,0.6020049991531335,-2524930.3641151316,-63.80920808984411,158.90936418848923,-32.4511194715544,1.2297348489650517,,,,,,solved
voyage_013,train,6,economic_discharge,0.5,0.25,6.0,8.0,39571,39570,False,29800,,,,,,,,29800,29801,0.20030674155018888,559.9999999999998,"[682.7507473718914,683.0327732854178,683.2978709041226,683.5467178324288,683.779991674759,683.9983700355356]",primal infeasible
voyage_014,train,0,candidate_C,0.25,0.4,12.0,20.0,28771,28770,True,28770,0.42677615364110694,0.6036219202688088,-321271.7629315967,-11.166901735543856,88.67636805847685,-33.460078247739844,0.5666564479292049,,,,,,solved
voyage_014,train,1,fast_fc_response,0.25,0.6,12.0,5.0,28771,28770,True,28770,0.4947159027119787,0.5396859045082346,-109678.21984867747,-3.8122426085741212,85.93112348118392,6.435995586856487,2.1370611476862678,,,,,,solved
voyage_014,train,2,medium_response,0.25,0.5,10.0,10.0,28771,28770,True,28770,0.45892884622367336,0.5597817698460924,-186294.6581923312,-6.475309634769941,86.77888377137803,-6.103824383964932,0.8351871056970595,,,,,,solved
voyage_014,train,3,balanced,0.25,0.4,10.0,12.0,28771,28770,True,28770,0.4428166291976933,0.5731149190471332,-233944.57950916933,-8.131546037857815,87.36755896157939,-14.423709485412362,0.6683319833417158,,,,,,solved
voyage_014,train,4,strong_fc_smoothing,0.25,0.25,12.0,30.0,28771,28770,True,28770,0.38307534103251006,0.6598407215256128,-804987.2065987077,-27.9800906012759,91.40935721770808,-68.54061023198143,0.49762135166059807,,,,,,solved
voyage_014,train,5,soc_recovery,0.15,0.35,20.0,12.0,28771,28770,True,28770,0.48821184380061045,0.590154157720874,-70664.36498295107,-2.456182307367086,87.87517233363803,-25.056194417822883,0.8048678803128269,,,,,,solved
voyage_014,train,6,economic_discharge,0.5,0.25,6.0,8.0,28771,28770,True,28770,0.3701194899830692,0.4923032766995541,-1639122.6209866737,-56.97332711111136,84.3395279283126,36.002755339475655,0.5501051472877521,,,,,,solved
voyage_015,train,0,candidate_C,0.25,0.4,12.0,20.0,21571,21570,True,21570,0.39277491729619596,0.5883868128069126,-369458.2012601725,-17.1283357097901,92.53008091745005,-23.95337119151399,0.49653242994440916,,,,,,solved
voyage_015,train,1,fast_fc_response,0.25,0.6,12.0,5.0,21571,21570,True,21570,0.4050184899235468,0.5367233908591343,-211582.87565692406,-9.8091272905389,90.38631220330475,8.284604103899099,1.5478078598370644,,,,,,solved
voyage_015,train,2,medium_response,0.25,0.5,10.0,10.0,21571,21570,True,21570,0.3970820090189705,0.5530784947045476,-278173.19214325654,-12.896300053002157,91.08075372136284,-1.9209806956341295,0.8030517294604635,,,,,,solved
voyage_015,train,3,balanced,0.25,0.4,10.0,12.0,21571,21570,True,21570,0.4001142826853771,0.5638109937983798,-296487.25150776684,-13.745352411115755,91.56656010249958,-8.618060130189106,0.6106360284740902,,,,,,solved
voyage_015,train,4,strong_fc_smoothing,0.25,0.25,12.0,30.0,21571,21570,True,21570,0.35455100451680877,0.6415201728720905,-787574.491258209,-36.512493799638804,94.88593439557297,-57.10858787218444,0.42179278566719347,,,,,,solved
voyage_015,train,5,soc_recovery,0.15,0.35,20.0,12.0,21571,21570,True,21570,0.4221044372196749,0.572621546833894,-135789.8242900329,-6.295309424665411,91.90096449133388,-14.11584522435011,0.8356096838001008,,,,,,solved
voyage_015,train,6,economic_discharge,0.5,0.25,6.0,8.0,21571,21570,True,21570,0.30558655376401217,0.4867154156591885,-1616415.3701845512,-74.93812564601535,89.11377682087614,39.4895806286653,0.6246334895945438,,,,,,solved
voyage_016,train,0,candidate_C,0.25,0.4,12.0,20.0,28771,28770,False,6390,,,,,,,,6390,6391,0.20056466288284863,560.0,"[806.9632741034629,807.1351561625587,807.2599009078804,807.3417823335506,807.3850744336941,807.3940512024344]",primal infeasible
voyage_016,train,1,fast_fc_response,0.25,0.6,12.0,5.0,28771,28770,False,7092,,,,,,,,7092,7093,0.2006280820613162,560.0,"[809.3459060180854,808.7847851193064,808.1990948188029,807.5907020632081,806.961473799156,806.3132769732797]",primal infeasible
voyage_016,train,2,medium_response,0.25,0.5,10.0,10.0,28771,28770,False,6769,,,,,,,,6769,6770,0.20056124909960865,560.0000000000001,"[805.4988596412556,805.5513435997282,805.6074116109512,805.66838653636,805.7355912373891,805.8103485754749]",primal infeasible
voyage_016,train,3,balanced,0.25,0.4,10.0,12.0,28771,28770,False,6610,,,,,,,,6610,6611,0.20056159965479003,559.9999999999999,"[801.4032641685211,801.8574590226142,802.3208442287652,802.7903739682326,803.263002422275,803.7356837721508]",primal infeasible
voyage_016,train,4,strong_fc_smoothing,0.25,0.25,12.0,30.0,28771,28770,False,5923,,,,,,,,5923,5924,0.20061912774083546,560.0,"[811.5763042797923,811.5972856467735,811.6041318477689,811.599662125637,811.5866957232358,811.5680518834243]",primal infeasible
voyage_016,train,5,soc_recovery,0.15,0.35,20.0,12.0,28771,28770,False,7141,,,,,,,,7141,7142,0.200608963557489,560.0000000000002,"[796.3937196895331,797.6533835980633,798.9941654332378,800.4062312167374,801.8797469702438,803.4048787154383]",primal infeasible
voyage_016,train,6,economic_discharge,0.5,0.25,6.0,8.0,28771,28770,False,5804,,,,,,,,5804,5805,0.20062490300042374,559.9999999999998,"[821.0480330118638,821.5104869535837,821.9601153125097,822.3979232660033,822.8249159914261,823.2420986661391]",primal infeasible
voyage_017,train,0,candidate_C,0.25,0.4,12.0,20.0,10771,10770,True,10770,0.46747817310837597,0.583174787273353,-86776.112492676,-8.057206359579943,35.16021798318192,-20.701067258570514,0.40551073636237334,,,,,,solved
voyage_017,train,1,fast_fc_response,0.25,0.6,12.0,5.0,10771,10770,True,10770,0.49669427206176214,0.5299842500907723,-44167.54546873276,-4.100979152157174,33.24792716297458,12.489827943358215,1.250455088439253,,,,,,solved
voyage_017,train,2,medium_response,0.25,0.5,10.0,10.0,10771,10770,True,10770,0.48111726552765227,0.5444249801523496,-71096.01108287813,-6.601300936200384,33.74825649768734,3.4788123849318495,0.6029208153154855,,,,,,solved
voyage_017,train,3,balanced,0.25,0.4,10.0,12.0,10771,10770,True,10770,0.4773764840699119,0.5556278019586658,-79757.3588745902,-7.4055115018189595,34.153497536800856,-3.511748422209179,0.49413568418290765,,,,,,solved
voyage_017,train,4,strong_fc_smoothing,0.25,0.25,12.0,30.0,10771,10770,True,10770,0.43791759192870133,0.625604348201029,-186413.16573974123,-17.30855763600197,37.00635525033027,-47.17711327744023,0.38592683222910296,,,,,,solved
voyage_017,train,5,soc_recovery,0.15,0.35,20.0,12.0,10771,10770,True,10770,0.49827946655317595,0.5665216497595144,-22179.34949785092,-2.0593639273770585,34.59769824502823,-10.30950944993741,0.8385450680427198,,,,,,solved
voyage_017,train,6,economic_discharge,0.5,0.25,6.0,8.0,10771,10770,True,10770,0.39349982324197413,0.4781957419802753,-602101.288457672,-55.905412113061466,31.550656608604612,44.80585700430988,0.45486779980592473,,,,,,solved
voyage_018,train,0,candidate_C,0.25,0.4,12.0,20.0,17671,17670,True,17670,0.28935314638949555,0.5637925873480064,-1089072.8537107785,-61.63400417152114,95.41340082294823,-8.60657450515848,0.5830758152493445,,,,,,solved
voyage_018,train,1,fast_fc_response,0.25,0.6,12.0,5.0,17671,17670,True,17670,0.35421342910238357,0.5338426513039087,-509208.703642843,-28.81769686716712,94.3575616710254,10.082185586362277,1.3822344300151599,,,,,,solved
voyage_018,train,2,medium_response,0.25,0.5,10.0,10.0,17671,17670,True,17670,0.3197468622341178,0.5404055699527164,-803863.8308060311,-45.49314266021682,94.55975960850891,5.986924349507601,0.8364157020366179,,,,,,solved
voyage_018,train,3,balanced,0.25,0.4,10.0,12.0,17671,17670,True,17670,0.30605743580512124,0.5455782619504244,-932557.2877017944,-52.77630377486103,94.75324183135758,2.7591645429366696,0.7046400006706222,,,,,,solved
voyage_018,train,4,strong_fc_smoothing,0.25,0.25,12.0,30.0,17671,17670,True,17670,0.2503803026361651,0.5995547676603102,-1596778.408930148,-90.366633216194,96.95725751399299,-30.922175020034384,0.46264821457452854,,,,,,solved
voyage_018,train,5,soc_recovery,0.15,0.35,20.0,12.0,17671,17670,True,17670,0.3416612807064377,0.5625361158745271,-568407.1645089504,-32.16792102484156,95.46205511678274,-7.8225363057034585,0.9944298010023545,,,,,,solved
voyage_018,train,6,economic_discharge,0.5,0.25,6.0,8.0,17671,17670,True,17670,0.21379456549962353,0.46694701513400844,-2667735.3599429913,-150.97540237368372,92.29731157025556,51.825062556377745,0.7017025950490847,,,,,,solved
voyage_019,train,0,candidate_C,0.25,0.4,12.0,20.0,35972,35971,True,35971,0.4471127795520119,0.5420175830558546,-338469.1196536191,-9.409499865269776,107.42256612224001,4.981028173147944,0.6281795615193175,,,,,,solved
voyage_019,train,1,fast_fc_response,0.25,0.6,12.0,5.0,35972,35971,True,35971,0.46791849559238224,0.5238300424221662,-185835.41085637544,-5.166256452597243,106.11100361416065,16.330053528571842,1.3825441428792828,,,,,,solved
voyage_019,train,2,medium_response,0.25,0.5,10.0,10.0,35972,35971,True,35971,0.4576909283151747,0.5167370672296205,-277469.98390705965,-7.713713377639199,106.13963655881946,20.75607004871442,0.9222624430483961,,,,,,solved
voyage_019,train,3,balanced,0.25,0.4,10.0,12.0,35972,35971,True,35971,0.4532885302918405,0.5205484137569086,-303108.8649526665,-8.426478689852006,106.46822544911396,18.37778981568685,0.7680349172160845,,,,,,solved
voyage_019,train,4,strong_fc_smoothing,0.25,0.25,12.0,30.0,35972,35971,True,35971,0.41090000065480947,0.5615585516741075,-642113.4565031157,-17.850864766148167,108.63811127114727,-7.212536244646617,0.5037595796405583,,,,,,solved
voyage_019,train,5,soc_recovery,0.15,0.35,20.0,12.0,35972,35971,True,35971,0.4940115755095236,0.5362485418097289,-84745.35853336974,-2.355935574028238,107.27051603385452,8.580909910734757,0.9118319479069896,,,,,,solved
voyage_019,train,6,economic_discharge,0.5,0.25,6.0,8.0,35972,35971,True,35971,0.3598124952425958,0.44650160205590483,-2208116.16873512,-61.38601008409886,103.94229303352807,64.58300031711366,0.6937401938184848,,,,,,solved
voyage_020,train,0,candidate_C,0.25,0.4,12.0,20.0,35971,35970,True,35970,0.29009511087313733,0.525917760186557,-945959.5418171854,-26.298569413877825,115.47564650384271,15.027317643591356,0.9310975888349731,,,,,,solved
voyage_020,train,1,fast_fc_response,0.25,0.6,12.0,5.0,35971,35970,True,35970,0.3493318082911204,0.527132774108063,-434195.2379247198,-12.071038029600217,114.49758634593533,14.26914895656851,1.6540509613031986,,,,,,solved
voyage_020,train,2,medium_response,0.25,0.5,10.0,10.0,35971,35970,True,35970,0.31241518377721,0.5241463836923915,-704392.3776099578,-19.582773911869833,114.74112433841158,16.13265657594443,1.1816658259360793,,,,,,solved
voyage_020,train,3,balanced,0.25,0.4,10.0,12.0,35971,35970,True,35970,0.3003746413788444,0.5256841295308181,-805976.2847013704,-22.406902549384775,115.01884216524024,15.173103172770924,1.0614156026987303,,,,,,solved
voyage_020,train,4,strong_fc_smoothing,0.25,0.25,12.0,30.0,35971,35970,True,35970,0.26029367513017754,0.5694753262216519,-1514432.2039264997,-42.1026467591465,117.44025217930967,-12.15260356231223,0.8446927083861056,,,,,,solved
voyage_020,train,5,soc_recovery,0.15,0.35,20.0,12.0,35971,35970,True,35970,0.3303026679813536,0.5488211785169866,-482387.34622748813,-13.410824193146738,115.8404698191738,0.7355846054051326,1.271734939851683,,,,,,solved
voyage_020,train,6,economic_discharge,0.5,0.25,6.0,8.0,35971,35970,True,35970,0.21905900430420028,0.45267488464895494,-2905423.3223053403,-80.77351465958688,112.30202868577106,60.73087197905469,0.9453213329514938,,,,,,solved
voyage_021,train,0,candidate_C,0.25,0.4,12.0,20.0,14371,14370,False,7513,,,,,,,,7513,7514,0.20123571129362458,560.0,"[1088.5338608200273,1088.8063622822117,1089.0817477866417,1089.3591995292509,1089.6378997059733,1089.9170305127411]",primal infeasible
voyage_021,train,1,fast_fc_response,0.25,0.6,12.0,5.0,14371,14370,False,7429,,,,,,,,7429,7430,0.2014075457732007,560.0,"[1092.151733191656,1092.0795623785002,1092.004625767727,1091.9264981420692,1091.844754284259,1091.7589689770284]",primal infeasible
voyage_021,train,2,medium_response,0.25,0.5,10.0,10.0,14371,14370,False,7431,,,,,,,,7431,7432,0.20124498699048965,560.0000000000001,"[1092.004625767727,1091.9264981420692,1091.844754284259,1091.7589689770284,1091.6687170031107,1091.573573145237]",primal infeasible
voyage_021,train,3,balanced,0.25,0.4,10.0,12.0,14371,14370,False,7454,,,,,,,,7454,7455,0.20127152481699337,559.9999999999999,"[1088.8782016708274,1088.6928939663846,1088.5068220971243,1088.3204446377513,1088.1342201629682,1087.94860724748]",primal infeasible
voyage_021,train,4,strong_fc_smoothing,0.25,0.25,12.0,30.0,14371,14370,False,7461,,,,,,,,7461,7462,0.20126789431738568,560.0,"[1087.5810503932032,1087.4000236038223,1087.2214426725525,1087.0457661740966,1086.8734526831593,1086.704960774444]",primal infeasible
voyage_021,train,5,soc_recovery,0.15,0.35,20.0,12.0,14371,14370,False,7478,,,,,,,,7478,7479,0.20125291673761106,560.0000000000002,"[1085.13279623031,1085.048834811176,1084.9733225185469,1084.9065115597627,1084.8486541421644,1084.8000024730927]",primal infeasible
voyage_021,train,6,economic_discharge,0.5,0.25,6.0,8.0,14371,14370,False,7036,,,,,,,,7036,7037,0.20126862828659092,559.9999999999998,"[1097.8207853168287,1097.490803251854,1097.1554469466764,1096.8166177492683,1096.4762170076033,1096.136146069652]",primal infeasible
voyage_022,train,0,candidate_C,0.25,0.4,12.0,20.0,35882,35881,True,35881,0.3443425195703795,0.5926170492522136,-946669.8568779562,-26.3835973601058,108.095590985973,-26.59303873338118,0.6575593615500566,,,,,,solved
voyage_022,train,1,fast_fc_response,0.25,0.6,12.0,5.0,35882,35881,True,35881,0.4214696166046796,0.5267004480912237,-293135.86218583235,-8.169668130370734,105.01556773571235,14.5389203910722,1.5804099903606925,,,,,,solved
voyage_022,train,2,medium_response,0.25,0.5,10.0,10.0,35882,35881,True,35881,0.3866547952666456,0.5411979829190593,-535219.5126304437,-14.916516056699749,105.83804137050139,5.492458658503951,0.8044615468002689,,,,,,solved
voyage_022,train,3,balanced,0.25,0.4,10.0,12.0,35882,35881,True,35881,0.3681665198289695,0.5532576316214908,-682626.9509992548,-19.024747108476767,106.50402206203218,-2.0327621318103395,0.7628246629336672,,,,,,solved
voyage_022,train,4,strong_fc_smoothing,0.25,0.25,12.0,30.0,35882,35881,True,35881,0.2940066209204772,0.6331559066710671,-1773914.346495777,-49.43882128412745,109.63335314217751,-51.88928576274643,0.6144435807021864,,,,,,solved
voyage_022,train,5,soc_recovery,0.15,0.35,20.0,12.0,35882,35881,True,35881,0.41389430561270457,0.5575236600597113,-282718.54536331224,-7.879338517970854,106.78719103830184,-4.6947638772502565,0.8825591768809318,,,,,,solved
voyage_022,train,6,economic_discharge,0.5,0.25,6.0,8.0,35882,35881,True,35881,0.29221143733038024,0.4779761867713673,-2716010.9405318256,-75.69496225110296,103.48918682882514,44.94285945466527,0.6536808764281545,,,,,,solved
voyage_023,train,0,candidate_C,0.25,0.4,12.0,20.0,25171,25170,True,25170,0.2516450185812982,0.6083600312233312,-1740753.263823452,-69.15984361634692,116.74505789413445,-36.41665948335835,0.5963963443608691,,,,,,solved
voyage_023,train,1,fast_fc_response,0.25,0.6,12.0,5.0,25171,25170,True,25170,0.31636743410818385,0.5414478914658744,-763753.0753973116,-30.34378527601556,113.7479236922469,5.336515725293112,2.0254081582517642,,,,,,solved
voyage_023,train,2,medium_response,0.25,0.5,10.0,10.0,25171,25170,True,25170,0.291286344315824,0.5648208853538292,-1099282.036294038,-43.674296237347555,114.7492240912841,-9.248232460790113,0.9679551614089235,,,,,,solved
voyage_023,train,3,balanced,0.25,0.4,10.0,12.0,25171,25170,True,25170,0.27528840914437974,0.577202912269687,-1315954.0017106475,-52.28263812914769,115.33745920472252,-16.974617256288408,0.7002906379854466,,,,,,solved
voyage_023,train,4,strong_fc_smoothing,0.25,0.25,12.0,30.0,25171,25170,False,8979,,,,,,,,8979,8980,0.20037566709565977,560.0,"[730.2691806757903,723.2456190613942,715.9871330927416,708.5028675759031,700.8019673169497,692.8935771219521]",primal infeasible
voyage_023,train,5,soc_recovery,0.15,0.35,20.0,12.0,25171,25170,True,25170,0.3281744318002507,0.591460759635556,-693816.4367864253,-27.565214016147213,115.84015378183469,-25.871514012586243,0.9403017547718093,,,,,,solved
voyage_023,train,6,economic_discharge,0.5,0.25,6.0,8.0,25171,25170,False,8835,,,,,,,,8835,8836,0.20058380048697225,559.9999999999998,"[796.358170614677,796.2538350243972,796.145136163111,796.0328679465078,795.9178242902761,795.8007991101052]",primal infeasible
voyage_024,train,0,candidate_C,0.25,0.4,12.0,20.0,35972,35971,False,8462,,,,,,,,8462,8463,0.20016293003599678,560.0000005217523,"[633.6517133363691,633.4026123540647,633.1935965197439,633.0242028416072,632.8939683278553,632.8024299866887]",primal infeasible
voyage_024,train,1,fast_fc_response,0.25,0.6,12.0,5.0,35972,35971,False,10188,,,,,,,,10188,10189,0.20023909808224674,560.0,"[654.7532059913888,653.8280976099225,652.892159822633,651.9488843717297,651.0017629994226,650.0542874479203]",primal infeasible
voyage_024,train,2,medium_response,0.25,0.5,10.0,10.0,35972,35971,False,9417,,,,,,,,9417,9418,0.20026238052512924,560.0000000000001,"[668.2484187242889,668.4725333241893,668.612333984909,668.6634952355844,668.6241260817667,668.4983578596105]",primal infeasible
voyage_024,train,3,balanced,0.25,0.4,10.0,12.0,35972,35971,False,9022,,,,,,,,9022,9023,0.20019937094544835,560.0000010014027,"[651.074432629344,650.8324943347812,650.6514091591092,650.5365029565685,650.4931015813996,650.5265308878438]",primal infeasible
voyage_024,train,4,strong_fc_smoothing,0.25,0.25,12.0,30.0,35972,35971,False,7564,,,,,,,,7564,7565,0.20044283701842824,560.0,"[752.7628585043769,751.1315354149419,749.5222117462401,747.9362238791023,746.3749081943581,744.8396010728379]",primal infeasible
voyage_024,train,5,soc_recovery,0.15,0.35,20.0,12.0,35972,35971,False,10273,,,,,,,,10273,10274,0.20029409162783413,560.0000000000002,"[677.3570301702207,676.9680793456212,676.51835100298,676.0103800366444,675.4467013409624,674.8298498102815]",primal infeasible
voyage_024,train,6,economic_discharge,0.5,0.25,6.0,8.0,35972,35971,False,7465,,,,,,,,7465,7466,0.2007952267946149,559.9999999999998,"[858.5208586755083,859.4536567400813,860.2584733156832,860.9252930557426,861.4441006136886,861.8049290497053]",primal infeasible
voyage_025,train,0,candidate_C,0.25,0.4,12.0,20.0,32372,32371,True,32371,0.43129756581247597,0.6071975314092436,-315868.8178727973,-9.757771396397928,98.88470801164506,-35.69125959937064,0.5579664295436544,,,,,,solved
voyage_025,train,1,fast_fc_response,0.25,0.6,12.0,5.0,32372,32371,True,32371,0.49682290510939203,0.5373509789155796,-121862.23034632081,-3.76454945310064,95.9011970976035,7.892989156679094,1.4859901927800365,,,,,,solved
voyage_025,train,2,medium_response,0.25,0.5,10.0,10.0,32372,32371,True,32371,0.46343844710055493,0.5601186817353527,-198968.6088168737,-6.146507948993658,96.81917928303255,-6.314057402859357,0.7921659629087969,,,,,,solved
voyage_025,train,3,balanced,0.25,0.4,10.0,12.0,32372,32371,True,32371,0.4482198489281472,0.5744484811446701,-234877.53705247527,-7.255801089014095,97.45391896950498,-15.255852234273569,0.6296310269447645,,,,,,solved
voyage_025,train,4,strong_fc_smoothing,0.25,0.25,12.0,30.0,32372,32371,True,32371,0.39327242165063414,0.6371794522822857,-650328.1074662863,-20.089836812773356,100.34607723915607,-54.39997822415068,0.5125992885029405,,,,,,solved
voyage_025,train,5,soc_recovery,0.15,0.35,20.0,12.0,32372,32371,True,32371,0.4898461018373255,0.585414584411288,-79526.65758204377,-2.4567253894548755,97.93390474172108,-22.09870067264435,0.9473440003427243,,,,,,solved
voyage_025,train,6,economic_discharge,0.5,0.25,6.0,8.0,32372,32371,True,32371,0.379404723611825,0.4944910060001211,-1800259.7808427985,-55.613350864749265,94.39513469854079,34.6376122559194,0.5419688715838902,,,,,,solved
voyage_026,train,0,candidate_C,0.25,0.4,12.0,20.0,32371,32370,True,32370,0.4077804983069904,0.599826641480223,-446156.5077947061,-13.783024646113875,72.98705994333729,-31.09182428365788,0.5950891044179798,,,,,,solved
voyage_026,train,1,fast_fc_response,0.25,0.6,12.0,5.0,32371,32370,True,32370,0.47824416245955953,0.5358978250779037,-113524.35456200849,-3.507085405066682,70.5641167604005,8.79975715139044,2.014230826560947,,,,,,solved
voyage_026,train,2,medium_response,0.25,0.5,10.0,10.0,32371,32370,True,32370,0.4514323464450271,0.5561024993118099,-183703.34812785935,-5.675111156251448,71.2615888297343,-3.8079595705687894,0.901318376571254,,,,,,solved
voyage_026,train,3,balanced,0.25,0.4,10.0,12.0,32371,32370,True,32370,0.43574609248963647,0.5667960432954176,-241164.9685816836,-7.450261618216979,71.73119623238979,-10.480731016343492,0.7207355122928192,,,,,,solved
voyage_026,train,4,strong_fc_smoothing,0.25,0.25,12.0,30.0,32371,32370,True,32370,0.347210218490848,0.6741475692573584,-1363621.5368239745,-42.12609010886545,76.07598937489013,-77.46808321659172,0.6492143874172598,,,,,,solved
voyage_026,train,5,soc_recovery,0.15,0.35,20.0,12.0,32371,32370,True,32370,0.4840961618086588,0.5857820945949848,-103121.8387667967,-3.18572254454114,72.62008938134248,-22.328027027271357,0.9152349003941822,,,,,,solved
voyage_026,train,6,economic_discharge,0.5,0.25,6.0,8.0,32371,32370,True,32370,0.346798845853086,0.489005827071642,-1557513.0577533015,-48.11594246998151,69.00388269638411,38.06036390729759,0.6523915823162412,,,,,,solved
voyage_027,train,0,candidate_C,0.25,0.4,12.0,20.0,7170,7169,True,7169,0.45884120019858227,0.6051614562128241,-85702.95202022656,-11.954659230049735,12.75406853633019,-34.42074867680207,0.4728537597009961,,,,,,solved
voyage_027,train,1,fast_fc_response,0.25,0.6,12.0,5.0,7170,7169,True,7169,0.5092273677845636,0.5334991978131205,-15733.037252708475,-2.1945930049809563,10.208806449062285,10.29650056461213,1.0004307817067684,,,,,,solved
voyage_027,train,2,medium_response,0.25,0.5,10.0,10.0,7170,7169,True,7169,0.48429347775051435,0.5523866095927537,-27679.386506035426,-3.8609829133819815,10.868171036179993,-1.4892443858778017,0.5326793334323554,,,,,,solved
voyage_027,train,3,balanced,0.25,0.4,10.0,12.0,7170,7169,True,7169,0.4722837911289439,0.5685945379028955,-40730.801069193236,-5.681517794558967,11.459711621933806,-11.602991651405226,0.489983379354328,,,,,,solved
voyage_027,train,4,strong_fc_smoothing,0.25,0.25,12.0,30.0,7170,7169,True,7169,0.4288923303575613,0.6603849122229539,-221774.3791624343,-30.935190286292972,14.68604508308091,-68.88018522712194,0.4879707400994988,,,,,,solved
voyage_027,train,5,soc_recovery,0.15,0.35,20.0,12.0,7170,7169,True,7169,0.49831341638614185,0.5646964819650043,-12909.589538068178,-1.8007517838008338,11.426565989014161,-9.170604746163594,0.6593221231848645,,,,,,solved
voyage_027,train,6,economic_discharge,0.5,0.25,6.0,8.0,7170,7169,True,7169,0.4014528177135241,0.4852202376822128,-236703.93605364749,-33.017706242662506,8.53686817773057,40.422571686298475,0.3661077363040022,,,,,,solved
voyage_028,train,0,candidate_C,0.25,0.4,12.0,20.0,10770,10769,True,10769,0.4503331423240116,0.6001126671834214,-115684.90823762884,-10.742400244927927,31.96316391811441,-31.270304322452215,0.4497126548783399,,,,,,solved
voyage_028,train,1,fast_fc_response,0.25,0.6,12.0,5.0,10770,10769,True,10769,0.506209896354526,0.5397084332798194,-30955.219007202202,-2.8744747894142635,29.6174556424449,6.421937633394403,1.342492089855341,,,,,,solved
voyage_028,train,2,medium_response,0.25,0.5,10.0,10.0,10770,10769,True,10769,0.47929044845977054,0.5629887312046877,-58036.79917438012,-5.389246835767492,30.48978701476291,-8.104968271725632,0.7028306312966492,,,,,,solved
voyage_028,train,3,balanced,0.25,0.4,10.0,12.0,10770,10769,True,10769,0.4669182420038697,0.5750176834286246,-73966.00593318041,-6.868419159920179,30.964633803022107,-15.611034459460308,0.5373700764641853,,,,,,solved
voyage_028,train,4,strong_fc_smoothing,0.25,0.25,12.0,30.0,10770,10769,True,10769,0.40839969814343896,0.6655273308204992,-353884.2032020062,-32.86138018404738,34.53499737790969,-72.08905443198903,0.5064398583539571,,,,,,solved
voyage_028,train,5,soc_recovery,0.15,0.35,20.0,12.0,10770,10769,True,10769,0.5075155260380586,0.5917502108789664,-36808.77787778734,-3.418031189320024,31.47764429225566,-26.052131588474143,0.8635845240706033,,,,,,solved
voyage_028,train,6,economic_discharge,0.5,0.25,6.0,8.0,10770,10769,True,10769,0.3734708313663822,0.49560789011444895,-456480.7510915715,-42.38840663864533,28.254401499391022,33.94067656858543,0.5447768800464132,,,,,,solved
voyage_029,train,0,candidate_C,0.25,0.4,12.0,20.0,10770,10769,True,10769,0.4491045436669893,0.5432306136325846,-67799.2016862747,-6.295775066048352,18.330229120998112,4.224097093265991,0.4262771608044602,,,,,,solved
voyage_029,train,1,fast_fc_response,0.25,0.6,12.0,5.0,10770,10769,True,10769,0.505777023370627,0.5319396911060071,-24242.39588681731,-2.2511278565156756,17.605640786054042,11.269632749850567,1.6890570647132392,,,,,,solved
voyage_029,train,2,medium_response,0.25,0.5,10.0,10.0,10770,10769,True,10769,0.4783251922255997,0.5391346632653445,-40464.11724038998,-3.757462832239761,17.889207692971777,6.7799701224265805,0.7813601456402424,,,,,,solved
voyage_029,train,3,balanced,0.25,0.4,10.0,12.0,10770,10769,True,10769,0.46490722829813913,0.5406027801251486,-50328.00489232861,-4.673414884606612,18.02559325396951,5.863865201906569,0.5926300423081301,,,,,,solved
voyage_029,train,4,strong_fc_smoothing,0.25,0.25,12.0,30.0,10770,10769,True,10769,0.41420718820370156,0.6046322053393235,-188080.06753327028,-17.46495194848828,20.632156836027015,-34.09049613173971,0.3785126002891843,,,,,,solved
voyage_029,train,5,soc_recovery,0.15,0.35,20.0,12.0,10770,10769,True,10769,0.48987085087883797,0.5723976409109144,-21983.128331437132,-2.0413342307955364,19.20573399048661,-13.976127928408978,0.8634062306976205,,,,,,solved
voyage_029,train,6,economic_discharge,0.5,0.25,6.0,8.0,10770,10769,True,10769,0.39243640168413424,0.469563972584515,-371325.66092707927,-34.48097882134639,15.445472043429605,50.19208110726365,0.3581487981139162,,,,,,solved
voyage_030,train,0,candidate_C,0.25,0.4,12.0,20.0,25171,25170,True,25170,0.46736743381893897,0.5768519235370614,-137610.9650372655,-5.467261225159535,61.58822044205457,-16.7556002871301,0.3879057172919147,,,,,,solved
voyage_030,train,1,fast_fc_response,0.25,0.6,12.0,5.0,25171,25170,True,25170,0.49252208912177453,0.5336056810117081,-89018.4483492742,-3.5366884524940088,60.056194757865335,10.230055048693572,1.8871114254297936,,,,,,solved
voyage_030,train,2,medium_response,0.25,0.5,10.0,10.0,25171,25170,True,25170,0.4798831802851119,0.5457262805367665,-134859.97958425956,-5.357965021226045,60.46718535556073,2.6668009450562216,1.0009471111665675,,,,,,solved
voyage_030,train,3,balanced,0.25,0.4,10.0,12.0,25171,25170,True,25170,0.4756162198094829,0.5549227141633689,-143670.31740765076,-5.707998307812902,60.80770153775049,-3.0717736379402103,0.7019672443612421,,,,,,solved
voyage_030,train,4,strong_fc_smoothing,0.25,0.25,12.0,30.0,25171,25170,True,25170,0.4509155823410917,0.5905093718882903,-205239.37943909137,-8.154127113193937,62.281552247840025,-25.277848058295525,0.2693641147599237,,,,,,solved
voyage_030,train,5,soc_recovery,0.15,0.35,20.0,12.0,25171,25170,True,25170,0.49350043662840243,0.565809092354198,-35886.61997914546,-1.425769566116228,61.31336256868081,-9.864873629016031,0.9996205903354394,,,,,,solved
voyage_030,train,6,economic_discharge,0.5,0.25,6.0,8.0,25171,25170,True,25170,0.38766325323828055,0.47812479825023524,-1265350.396856307,-50.27216515122396,58.203796979396586,44.850125891855505,0.6641851463730291,,,,,,solved
voyage_031,train,0,candidate_C,0.25,0.4,12.0,20.0,32371,32370,True,32370,0.35629963251865254,0.565830594692506,-623689.4865480647,-19.267515803153067,85.6732473852867,-9.87829108811967,0.7162701414405319,,,,,,solved
voyage_031,train,1,fast_fc_response,0.25,0.6,12.0,5.0,32371,32370,True,32370,0.38905237624953537,0.5271011554461469,-321090.52951432235,-9.91938614502077,84.49597810216635,14.288879001603561,2.2562214823757074,,,,,,solved
voyage_031,train,2,medium_response,0.25,0.5,10.0,10.0,32371,32370,True,32370,0.3691979968855238,0.5327134147772216,-448432.389309213,-13.853333003064966,84.68175616011409,10.786829179019588,0.9863909096343946,,,,,,solved
voyage_031,train,3,balanced,0.25,0.4,10.0,12.0,32371,32370,True,32370,0.3612481224951138,0.5414810217959352,-516418.42591791047,-15.953612169228004,85.01874877338068,5.315842399341052,0.79442799842667,,,,,,solved
voyage_031,train,4,strong_fc_smoothing,0.25,0.25,12.0,30.0,32371,32370,True,32370,0.34592844353632246,0.6008999674646455,-966973.0654889492,-29.872507429377485,86.6952466713919,-31.761579697935655,0.5636508390068116,,,,,,solved
voyage_031,train,5,soc_recovery,0.15,0.35,20.0,12.0,32371,32370,True,32370,0.4072283475379637,0.5537001601013583,-274072.98305606056,-8.46688239283474,85.82404584030712,-2.3088999032487525,1.1735812964465708,,,,,,solved
voyage_031,train,6,economic_discharge,0.5,0.25,6.0,8.0,32371,32370,True,32370,0.2726296988342864,0.466980051729349,-2240289.682754054,-69.20882554074927,82.510017855392,51.8044477208879,0.7057817797287953,,,,,,solved
voyage_032,train,0,candidate_C,0.25,0.4,12.0,20.0,35971,35970,True,35970,0.39053015884847936,0.5394818469084951,-261879.56394895827,-7.280499414761142,53.16857630386545,6.563327529101186,0.8365790808866223,,,,,,solved
voyage_032,train,1,fast_fc_response,0.25,0.6,12.0,5.0,35971,35970,True,35970,0.4588864109722904,0.5273961593789087,-143601.46581449205,-3.9922564863634156,52.230080390286645,14.104796547558502,2.1412419554909263,,,,,,solved
voyage_032,train,2,medium_response,0.25,0.5,10.0,10.0,35971,35970,True,35970,0.4239969446827764,0.5251681656150664,-223614.46383457465,-6.216693462178889,52.27671682573775,15.495064656199292,1.0987723316545726,,,,,,solved
voyage_032,train,3,balanced,0.25,0.4,10.0,12.0,35971,35970,True,35970,0.4086953247307023,0.5271030189566548,-248746.59114005204,-6.915390356965584,52.50786166544986,14.287716171049121,0.9790962333111679,,,,,,solved
voyage_032,train,4,strong_fc_smoothing,0.25,0.25,12.0,30.0,35971,35970,True,35970,0.3493642015446452,0.5439946815139334,-480307.5030871342,-13.35300258791032,53.90767286163762,3.747318735310779,0.6842861484412879,,,,,,solved
voyage_032,train,5,soc_recovery,0.15,0.35,20.0,12.0,35971,35970,True,35970,0.45614337596387555,0.5486984364324857,-71236.20728586479,-1.9804338972995492,53.370379970745965,0.8121756661322143,1.1094876348518028,,,,,,solved
voyage_032,train,6,economic_discharge,0.5,0.25,6.0,8.0,35971,35970,True,35970,0.33644781999898904,0.4547392070585732,-1879060.220542935,-52.23965027920308,49.836351181561426,59.442734795448764,0.9569603636506372,,,,,,solved
voyage_033,train,0,candidate_C,0.25,0.4,12.0,20.0,35971,35970,True,35970,0.38892979857344434,0.5371021680302435,-365112.6812860155,-10.150477655991534,70.25341090826616,8.048247149132013,0.7039704133900955,,,,,,solved
voyage_033,train,1,fast_fc_response,0.25,0.6,12.0,5.0,35971,35970,True,35970,0.4718019099112494,0.5264581894785375,-155793.68187913267,-4.331211617434881,69.33855951117597,14.690089765389592,1.4490902710282398,,,,,,solved
voyage_033,train,2,medium_response,0.25,0.5,10.0,10.0,35971,35970,True,35970,0.4333203646882716,0.5214796817916543,-266788.7417682531,-7.416979198450183,69.32208248463527,17.79667856200926,0.9820966637043398,,,,,,solved
voyage_033,train,3,balanced,0.25,0.4,10.0,12.0,35971,35970,True,35970,0.41371467619320285,0.5209319769698652,-317092.5068844991,-8.815471417417267,69.43994101731828,18.138446370806957,0.8078047615825881,,,,,,solved
voyage_033,train,4,strong_fc_smoothing,0.25,0.25,12.0,30.0,35971,35970,True,35970,0.338172554276821,0.5428200051476537,-652404.6908002795,-18.137467078128427,70.94831462166233,4.480316787867292,0.6252327692158133,,,,,,solved
voyage_033,train,5,soc_recovery,0.15,0.35,20.0,12.0,35971,35970,True,35970,0.4463262248191261,0.5449142354337545,-115216.8855933597,-3.20313832619849,70.33180931748028,3.1735170893388647,1.1697335087001761,,,,,,solved
voyage_033,train,6,economic_discharge,0.5,0.25,6.0,8.0,35971,35970,True,35970,0.34630196142746067,0.4498741960607009,-2063728.249038532,-57.37359602553605,66.68565161941014,62.47850165812081,0.625949454503143,,,,,,solved
voyage_034,train,0,candidate_C,0.25,0.4,12.0,20.0,21571,21570,True,21570,0.4280683649080196,0.5885578091994543,-207598.5370708347,-9.62441061988107,65.87940212951729,-24.060072940453384,0.5344186444501133,,,,,,solved
voyage_034,train,1,fast_fc_response,0.25,0.6,12.0,5.0,21571,21570,True,21570,0.4895055375646538,0.5292311188758974,-83546.44858640105,-3.8732706808716295,63.41572924050328,12.959781821442128,1.5282274949995553,,,,,,solved
voyage_034,train,2,medium_response,0.25,0.5,10.0,10.0,21571,21570,True,21570,0.46546040358817986,0.5489483824034919,-134551.31735582856,-6.237891393408835,64.17900877360366,0.6562093802210659,0.7405505036433624,,,,,,solved
voyage_034,train,3,balanced,0.25,0.4,10.0,12.0,21571,21570,True,21570,0.44881574972944216,0.5623888631885546,-160809.87947642306,-7.4552563503209575,64.75845385292546,-7.730650629661167,0.6026999310130918,,,,,,solved
voyage_034,train,4,strong_fc_smoothing,0.25,0.25,12.0,30.0,21571,21570,True,21570,0.38443489327917857,0.6185457214244505,-417181.30203519785,-19.340811406360586,67.1553275336494,-42.77253016885568,0.4814907705780911,,,,,,solved
voyage_034,train,5,soc_recovery,0.15,0.35,20.0,12.0,21571,21570,True,21570,0.4835864618948435,0.587757282384421,-58234.287389568286,-2.699781520146884,65.8081298339931,-23.560544207878078,0.9054358779506231,,,,,,solved
voyage_034,train,6,economic_discharge,0.5,0.25,6.0,8.0,21571,21570,True,21570,0.3748214931099681,0.48155223620146437,-1202900.378068644,-55.76728688310821,61.71237458874986,42.71140461028616,0.5320841736460977,,,,,,solved
voyage_035,train,0,candidate_C,0.25,0.4,12.0,20.0,32372,32371,True,32371,0.4626131651590931,0.5859768168351045,-264886.31403078965,-8.182827655333158,92.07537705008791,-22.449533705106678,0.5540834699814354,,,,,,solved
voyage_035,train,1,fast_fc_response,0.25,0.6,12.0,5.0,32372,32371,True,32371,0.5003831751203143,0.5436861813609244,-120010.98213271769,-3.7073609753395846,90.65576957883292,3.9398228307835397,1.9925448695399268,,,,,,solved
voyage_035,train,2,medium_response,0.25,0.5,10.0,10.0,32372,32371,True,32371,0.47923073439542885,0.557591045167349,-187897.51757312633,-5.804501485067695,91.07618986997667,-4.7368121844230755,0.8958656265193667,,,,,,solved
voyage_035,train,3,balanced,0.25,0.4,10.0,12.0,32372,32371,True,32371,0.4715349985243918,0.5670022134520376,-213535.5928437361,-6.596509000146307,91.43087714640428,-10.609381194073162,0.6653579166828081,,,,,,solved
voyage_035,train,4,strong_fc_smoothing,0.25,0.25,12.0,30.0,32372,32371,True,32371,0.4570762775859191,0.6077088852824767,-534693.1729780984,-16.517660034540125,92.87026874409591,-36.01034441626326,0.4560034268872215,,,,,,solved
voyage_035,train,5,soc_recovery,0.15,0.35,20.0,12.0,32372,32371,True,32371,0.49801548448060684,0.5999013528814935,-82854.91563291964,-2.5595414300738204,93.01363943418255,-31.13844419805483,0.9410076478470444,,,,,,solved
voyage_035,train,6,economic_discharge,0.5,0.25,6.0,8.0,32372,32371,True,32371,0.3832432898253131,0.4868045082707574,-1782413.220555095,-55.062037643418336,88.72351204828404,39.43398683904978,0.5976072807930564,,,,,,solved
voyage_036,train,0,candidate_C,0.25,0.4,12.0,20.0,39571,39570,True,39570,0.4705922336863873,0.5765627287375955,-194244.55062292836,-4.908884271491745,52.73842782810676,-16.5751427322619,0.4398069018141655,,,,,,solved
voyage_036,train,1,fast_fc_response,0.25,0.6,12.0,5.0,39571,39570,True,39570,0.4994542576750932,0.5353263711915286,-102188.27484010936,-2.5824684063712247,51.35588722132282,9.156344376484546,2.263203470418631,,,,,,solved
voyage_036,train,2,medium_response,0.25,0.5,10.0,10.0,39571,39570,True,39570,0.4853438477663428,0.5527345393935862,-124470.4729686465,-3.1455767745424943,51.84444555500937,-1.706352581598559,0.9018728999470085,,,,,,solved
voyage_036,train,3,balanced,0.25,0.4,10.0,12.0,39571,39570,True,39570,0.480820408900019,0.5621802964674083,-133836.31455026742,-3.3822672365495934,52.17693128342724,-7.600504995665684,0.6167070594868278,,,,,,solved
voyage_036,train,4,strong_fc_smoothing,0.25,0.25,12.0,30.0,39571,39570,True,39570,0.4418094048654875,0.624454347265828,-849613.2872942437,-21.47114701274308,55.005746901331804,-46.45951269387604,0.3589253470412359,,,,,,solved
voyage_036,train,5,soc_recovery,0.15,0.35,20.0,12.0,39571,39570,True,39570,0.4968115840235874,0.5934053398537117,-89931.43266212271,-2.2727175300005737,53.59131103303616,-27.08493206871609,0.8809830960116756,,,,,,solved
voyage_036,train,6,economic_discharge,0.5,0.25,6.0,8.0,39571,39570,True,39570,0.38735257000489215,0.48306308717975766,-1629300.4230314363,-41.175143366980954,49.498985952918424,41.76863359983222,0.5362009235274741,,,,,,solved
voyage_037,train,0,candidate_C,0.25,0.4,12.0,20.0,10770,10769,True,10769,0.4589510627660639,0.5461219508446332,-79202.66273560525,-7.35469056881839,17.39250883247653,2.419902672949778,0.44772329850442816,,,,,,solved
voyage_037,train,1,fast_fc_response,0.25,0.6,12.0,5.0,10770,10769,True,10769,0.5065203632273901,0.5282102884236084,-32553.130599036605,-3.0228554739564126,16.52298271380456,13.596780023667659,1.2221491271885156,,,,,,solved
voyage_037,train,2,medium_response,0.25,0.5,10.0,10.0,10770,10769,True,10769,0.481518703995207,0.5307204764987576,-51119.070961232595,-4.746872593670034,16.657559178005513,12.030422664773958,0.5467130244368263,,,,,,solved
voyage_037,train,3,balanced,0.25,0.4,10.0,12.0,10770,10769,True,10769,0.4707246952600305,0.5364101626916611,-59069.01956192558,-5.485097925705784,16.920785918764388,8.480058480403311,0.4505659581761563,,,,,,solved
voyage_037,train,4,strong_fc_smoothing,0.25,0.25,12.0,30.0,10770,10769,True,10769,0.43516816339046877,0.5309591411588722,-197196.8174153414,-18.311525435541032,17.236335737400516,11.881495916860716,0.49164696086128856,,,,,,solved
voyage_037,train,5,soc_recovery,0.15,0.35,20.0,12.0,10770,10769,True,10769,0.5047911616003673,0.5515261413568688,-13329.07434809139,-1.2377262836002776,17.376159984565742,-0.9523122066861013,0.5483269805874897,,,,,,solved
voyage_037,train,6,economic_discharge,0.5,0.25,6.0,8.0,10770,10769,True,10769,0.3952759549757283,0.461641597657187,-480137.1997809472,-44.585123946601094,14.322252894464153,55.135643061913505,0.491739224633136,,,,,,solved
voyage_038,train,0,candidate_C,0.25,0.4,12.0,20.0,43143,43142,True,43142,0.40715207257381913,0.593085925092667,-398190.6094041174,-9.229767034539831,88.640028857537,-26.885617257822794,0.6716710367913379,,,,,,solved
voyage_038,train,1,fast_fc_response,0.25,0.6,12.0,5.0,43143,43142,True,43142,0.47810190360109817,0.5317354280896827,-162730.0228853243,-3.7719628873330926,86.05471988618766,11.397092872043157,1.9155713366282896,,,,,,solved
voyage_038,train,2,medium_response,0.25,0.5,10.0,10.0,43143,43142,True,43142,0.4429743799132871,0.5472466082695576,-268393.6253397892,-6.221167895317538,86.69035789273846,1.7181164398005115,0.9924762410151686,,,,,,solved
voyage_038,train,3,balanced,0.25,0.4,10.0,12.0,43143,43142,True,43142,0.4276016448216898,0.5596219679525587,-313764.5989643514,-7.272833873356622,87.26284672129944,-6.004108002391364,0.8006592483193344,,,,,,solved
voyage_038,train,4,strong_fc_smoothing,0.25,0.25,12.0,30.0,43143,43142,True,43142,0.3627737889256415,0.6312363664936692,-751931.4660138899,-17.429221315977234,90.08850862274886,-50.691492692046225,0.5672198997160081,,,,,,solved
voyage_038,train,5,soc_recovery,0.15,0.35,20.0,12.0,43143,43142,True,43142,0.4631407216040036,0.5736522316382746,-108847.5010445223,-2.523005448160083,87.84740100612063,-14.758992542278966,1.136394695004526,,,,,,solved
voyage_038,train,6,economic_discharge,0.5,0.25,6.0,8.0,43143,43142,True,43142,0.34446652497057556,0.4808751970038669,-2363271.6459774654,-54.77890793142333,84.57167547720904,43.13387706958311,0.7158205292657271,,,,,,solved
voyage_039,train,0,candidate_C,0.25,0.4,12.0,20.0,14371,14370,True,14370,0.46360264590995304,0.5486302183342989,-68037.19777135646,-4.734669295153546,22.855035616408195,0.8547437593980179,0.35474548842509535,,,,,,solved
voyage_039,train,1,fast_fc_response,0.25,0.6,12.0,5.0,14371,14370,True,14370,0.5087308699267333,0.5268281052923358,-40649.406817294715,-2.828768741634984,21.8793202515626,14.459262297583857,1.168703797871558,,,,,,solved
voyage_039,train,2,medium_response,0.25,0.5,10.0,10.0,14371,14370,True,14370,0.48562139218387557,0.526615498917989,-60733.008148191955,-4.226374958120526,21.917560461682534,14.591928675176664,0.5237245139657318,,,,,,solved
voyage_039,train,3,balanced,0.25,0.4,10.0,12.0,14371,14370,True,14370,0.4749827072534417,0.5310169284840771,-64888.75975596027,-4.515571312175385,22.12278042027283,11.845436625934468,0.4189062899619529,,,,,,solved
voyage_039,train,4,strong_fc_smoothing,0.25,0.25,12.0,30.0,14371,14370,True,14370,0.43549523644447524,0.5681828723935749,-148601.4765808922,-10.341090924209617,23.838114333515655,-11.346112373589971,0.390962916798685,,,,,,solved
voyage_039,train,5,soc_recovery,0.15,0.35,20.0,12.0,14371,14370,True,14370,0.5077788893113658,0.5443329483530344,-11489.405050326228,-0.7995410612613937,22.541035880841136,3.536240227707569,0.5302533793935424,,,,,,solved
voyage_039,train,6,economic_discharge,0.5,0.25,6.0,8.0,14371,14370,True,14370,0.40106429325746995,0.4587329100481804,-595181.468563555,-41.418334625160405,19.65502314731862,56.9506641299358,0.3630015996553482,,,,,,solved
voyage_040,train,0,candidate_C,0.25,0.4,12.0,20.0,39571,39570,True,39570,0.44061228192851093,0.5309051985013208,-582443.4696545843,-14.71931942518535,54.56852576374179,11.91515613518076,0.5877465292284114,,,,,,solved
voyage_040,train,1,fast_fc_response,0.25,0.6,12.0,5.0,39571,39570,True,39570,0.49689236337023446,0.5264779152389095,-107051.47946865528,-2.7053697111108232,54.418663324245685,14.677780890922984,1.644916362557467,,,,,,solved
voyage_040,train,2,medium_response,0.25,0.5,10.0,10.0,39571,39570,True,39570,0.46333995059850835,0.5233646870884138,-212291.95010191572,-5.364972203738077,54.355244097887976,16.620435256825402,0.8616052334509163,,,,,,solved
voyage_040,train,3,balanced,0.25,0.4,10.0,12.0,39571,39570,True,39570,0.44960851770806265,0.5244594818012837,-304223.38733090524,-7.688233190065839,54.3651621673413,15.937283356003745,0.6746379941847636,,,,,,solved
voyage_040,train,4,strong_fc_smoothing,0.25,0.25,12.0,30.0,39571,39570,True,39570,0.3959230991952889,0.5402310056515698,-1588446.8522603326,-40.14270538944485,55.203010349883634,6.095852473420218,0.5602686534332122,,,,,,solved
voyage_040,train,5,soc_recovery,0.15,0.35,20.0,12.0,39571,39570,True,39570,0.4758217009269555,0.5448198183166565,-252667.93207229415,-6.385340714488101,55.475653168924836,3.2324333704018224,1.0062707959272643,,,,,,solved
voyage_040,train,6,economic_discharge,0.5,0.25,6.0,8.0,39571,39570,True,39570,0.36920746350337585,0.45283731920498577,-1597857.1941818972,-40.380520449378245,51.77498442688053,60.62951281609392,0.6213468546616809,,,,,,solved
voyage_041,train,0,candidate_C,0.25,0.4,12.0,20.0,39211,39210,False,6899,,,,,,,,6899,6900,0.2006582251725735,560.0,"[849.2191927818819,848.693087941673,848.0358381007062,847.2575560688773,846.3683546560812,845.3783466722142]",primal infeasible
voyage_041,train,1,fast_fc_response,0.25,0.6,12.0,5.0,39211,39210,False,7790,,,,,,,,7790,7791,0.20042305802845276,560.0,"[739.3067428486688,738.7858505678194,738.3645514202359,738.050748613386,737.852345354738,737.7772448517596]",primal infeasible
voyage_041,train,2,medium_response,0.25,0.5,10.0,10.0,39211,39210,False,7399,,,,,,,,7399,7400,0.20056460098060222,560.0000000000001,"[796.7225385415861,796.5764461853297,796.3469835745314,796.0275431065971,795.6115171789327,795.092298188943]",primal infeasible
voyage_041,train,3,balanced,0.25,0.4,10.0,12.0,39211,39210,False,7252,,,,,,,,7252,7253,0.2004780892163512,559.9999999999999,"[778.8541712170289,771.2524039927907,763.9653594803733,757.053303280357,750.5765009933223,744.5952182198495]",primal infeasible
voyage_041,train,4,strong_fc_smoothing,0.25,0.25,12.0,30.0,39211,39210,False,6533,,,,,,,,6533,6534,0.20066014364120735,560.0,"[834.9268829505745,835.8368344017731,836.6407409244515,837.3300036926629,837.89602388046,838.3302026618973]",primal infeasible
voyage_041,train,5,soc_recovery,0.15,0.35,20.0,12.0,39211,39210,False,7636,,,,,,,,7636,7637,0.20047558886854844,560.0000000000002,"[756.4239239587738,757.2905968731623,758.1189202494411,758.9040131609952,759.6409946812091,760.3249838834673]",primal infeasible
voyage_041,train,6,economic_discharge,0.5,0.25,6.0,8.0,39211,39210,False,6470,,,,,,,,6470,6471,0.20056354685278213,559.9999999999998,"[812.4084028791887,812.0775677439569,811.7242488974957,811.3487535491938,810.9513889084407,810.5324621846255]",primal infeasible
voyage_042,train,0,candidate_C,0.25,0.4,12.0,20.0,86372,86371,True,86371,0.48994863084766327,0.5416997584787097,-61380.712373000395,-0.710663444593676,18.46918770476146,5.179350709287147,0.28578782406701464,,,,,,solved
voyage_042,train,1,fast_fc_response,0.25,0.6,12.0,5.0,86372,86371,True,86371,0.5098163023504243,0.5290099236288834,-142892.8685833756,-1.654407944603809,18.004141701481235,13.097807655578414,0.8756241158999387,,,,,,solved
voyage_042,train,2,medium_response,0.25,0.5,10.0,10.0,86372,86371,True,86371,0.4946751461138274,0.5234846404078412,-215037.77839134136,-2.489698838630343,17.854358965896164,16.545584385505517,0.38923629166222895,,,,,,solved
voyage_042,train,3,balanced,0.25,0.4,10.0,12.0,86372,86371,True,86371,0.4897663676591824,0.5222954827365863,-201258.8731244139,-2.330167221919555,17.845971870976932,17.28761877236648,0.3434898769528729,,,,,,solved
voyage_042,train,4,strong_fc_smoothing,0.25,0.25,12.0,30.0,86372,86371,True,86371,0.48335030728735445,0.5623110062535853,-126749.47835187725,-1.4675004150916076,19.115461251533723,-7.682067902233474,0.21144306362239718,,,,,,solved
voyage_042,train,5,soc_recovery,0.15,0.35,20.0,12.0,86372,86371,True,86371,0.5198175007908774,0.5457751167139488,-19699.977533312787,-0.22808555572255487,18.607129051839472,2.636327170495901,0.49381789007804855,,,,,,solved
voyage_042,train,6,economic_discharge,0.5,0.25,6.0,8.0,86372,86371,True,86371,0.41132237032068836,0.45539054047079414,-2448899.078722789,-28.353256054958134,15.691496225713768,59.036302746221395,0.29083764967252534,,,,,,solved
voyage_043,train,0,candidate_C,0.25,0.4,12.0,20.0,10770,10769,True,10769,0.3805646160841694,0.6242691957521976,-283544.7087290336,-26.32971573303311,52.069776806914405,-46.3439781493693,0.5957791211710912,,,,,,solved
voyage_043,train,1,fast_fc_response,0.25,0.6,12.0,5.0,10770,10769,True,10769,0.4090495042876213,0.5314199045816526,-161780.86220608215,-15.02283055121944,48.93747380092303,11.5939795410508,2.0174827553708496,,,,,,solved
voyage_043,train,2,medium_response,0.25,0.5,10.0,10.0,10770,10769,True,10769,0.3953050058499301,0.5596499890291573,-215026.5309163881,-19.967177167461053,49.767459430499045,-6.021593154193383,0.7648556718098405,,,,,,solved
voyage_043,train,3,balanced,0.25,0.4,10.0,12.0,10770,10769,True,10769,0.38916887117464755,0.583961047419589,-241748.6257934574,-22.448567721557936,50.62365335580088,-21.19169358982064,0.614505187099013,,,,,,solved
voyage_043,train,4,strong_fc_smoothing,0.25,0.25,12.0,30.0,10770,10769,True,10769,0.34277110414250994,0.68075322316927,-467316.8138371316,-43.39463402703423,54.19910945125883,-81.59001125762126,0.5639052494620103,,,,,,solved
voyage_043,train,5,soc_recovery,0.15,0.35,20.0,12.0,10770,10769,True,10769,0.40711916387846425,0.604893749726949,-163580.832303147,-15.189974213311078,51.498937543603105,-34.25369982961558,1.0153859914179009,,,,,,solved
voyage_043,train,6,economic_discharge,0.5,0.25,6.0,8.0,10770,10769,True,10769,0.30220631641042267,0.5017546849343657,-954814.0314155516,-88.66320284293356,47.84960291296761,30.105076600956743,0.5361783600101262,,,,,,solved
voyage_044,train,0,candidate_C,0.25,0.4,12.0,20.0,10771,10770,False,4479,,,,,,,,4479,4480,0.20113850479051562,560.0,"[1002.704184890374,1002.172894074758,1001.639070860272,1001.1039343921424,1000.568703815596,1000.034598275859]",primal infeasible
voyage_044,train,1,fast_fc_response,0.25,0.6,12.0,5.0,10771,10770,False,4823,,,,,,,,4823,4824,0.20111233345700935,560.0,"[1007.0161119258504,1007.248613120136,1007.4560290169136,1007.6355300750477,1007.7842867534026,1007.8994695108428]",primal infeasible
voyage_044,train,2,medium_response,0.25,0.5,10.0,10.0,10771,10770,False,4656,,,,,,,,4656,4657,0.201155792544718,560.0000000000001,"[1006.8889355208172,1007.2210538202446,1007.5375607499082,1007.8377907401208,1008.1210782211969,1008.3867576234484]",primal infeasible
voyage_044,train,3,balanced,0.25,0.4,10.0,12.0,10771,10770,False,4577,,,,,,,,4577,4578,0.20098052793327376,560.0000060472038,"[1003.8116751235452,1003.301517345843,1002.783841157586,1002.2611327113816,1001.7358781598364,1001.210563655558]",primal infeasible
voyage_044,train,4,strong_fc_smoothing,0.25,0.25,12.0,30.0,10771,10770,False,4271,,,,,,,,4271,4272,0.20103300141676034,560.0,"[1014.4853047620662,1014.4414488045608,1014.40295433564,1014.370636637007,1014.3453109903646,1014.3277926774164]",primal infeasible
voyage_044,train,5,soc_recovery,0.15,0.35,20.0,12.0,10771,10770,False,4757,,,,,,,,4757,4758,0.2010634863173229,560.0000000000002,"[1010.0062294498248,1010.2079942547516,1010.3868355808892,1010.5412624326636,1010.669783814501,1010.770908730828]",primal infeasible
voyage_044,train,6,economic_discharge,0.5,0.25,6.0,8.0,10771,10770,False,4345,,,,,,,,4345,4346,0.20106202183882724,559.9999999999998,"[1020.6536192709287,1020.5805445171588,1020.520751117868,1020.4756816359144,1020.4467786341542,1020.4348473288454]",primal infeasible
voyage_045,train,0,candidate_C,0.25,0.4,12.0,20.0,21572,21571,False,2416,,,,,,,,2416,2417,0.20137105473984543,560.0,"[1096.473288971603,1096.9141463428566,1097.3517923379911,1097.7838991686829,1098.2081390466085,1098.622184183443]",primal infeasible
voyage_045,train,1,fast_fc_response,0.25,0.6,12.0,5.0,21572,21571,False,2752,,,,,,,,2752,2753,0.2012466961902554,560.0,"[1091.2279568637778,1091.5036454603087,1091.784609901058,1092.070408817394,1092.360600840685,1092.6547446022998]",primal infeasible
voyage_045,train,2,medium_response,0.25,0.5,10.0,10.0,21572,21571,False,2597,,,,,,,,2597,2598,0.20119137861977415,560.0000085594484,"[1096.326963889624,1096.3884527389894,1096.4468056809849,1096.5013733510857,1096.5515063847654,1096.5965554174995]",primal infeasible
voyage_045,train,3,balanced,0.25,0.4,10.0,12.0,21572,21571,False,2517,,,,,,,,2517,2518,0.20142944011313008,559.9999999999999,"[1099.640858606262,1099.5458625516324,1099.4548,1099.3680308386506,1099.2854087401183,1099.2066608232492]",primal infeasible
voyage_045,train,4,strong_fc_smoothing,0.25,0.25,12.0,30.0,21572,21571,False,2212,,,,,,,,2212,2213,0.2014147300625075,560.0,"[1098.1898160955343,1098.2570678333682,1098.2966911651763,1098.3061780414214,1098.2830204125642,1098.224710229067]",primal infeasible
voyage_045,train,5,soc_recovery,0.15,0.35,20.0,12.0,21572,21571,False,2642,,,,,,,,2642,2643,0.2012636164178425,560.0000000000002,"[1093.771875567344,1093.700655582443,1093.6338376031572,1093.5711963850613,1093.5125066837284,1093.4575432547329]",primal infeasible
voyage_045,train,6,economic_discharge,0.5,0.25,6.0,8.0,21572,21571,False,2267,,,,,,,,2267,2268,0.2013322062764604,559.9999999999998,"[1085.3515249155753,1085.5179287072197,1085.695869990093,1085.8841085603922,1086.0814042143163,1086.286516748064]",primal infeasible
voyage_046,train,0,candidate_C,0.25,0.4,12.0,20.0,122376,122375,True,122375,0.4783461236111844,0.5255832777548544,-401605.31341376575,-3.2817594558836833,73.69959581862534,15.236034680968368,0.6111656189858365,,,,,,solved
voyage_046,train,1,fast_fc_response,0.25,0.6,12.0,5.0,122376,122375,True,122375,0.5025455930781337,0.5256689156700854,-341754.57105967385,-2.79268290957854,73.23039806114764,15.18259662186787,1.6893265529246833,,,,,,solved
voyage_046,train,2,medium_response,0.25,0.5,10.0,10.0,122376,122375,True,122375,0.4873623252293673,0.5203838256850984,-504821.6981608329,-4.125202845032343,73.21165853298757,18.480492772500675,0.8535890225303433,,,,,,solved
voyage_046,train,3,balanced,0.25,0.4,10.0,12.0,122376,122375,True,122375,0.4848675963240169,0.5204202630192258,-512803.54172845295,-4.1904273072805145,73.33272541788853,18.457755876014804,0.6923557454518914,,,,,,solved
voyage_046,train,4,strong_fc_smoothing,0.25,0.25,12.0,30.0,122376,122375,True,122375,0.4563377164438766,0.5263964297900932,-540117.6406615549,-4.413627298562246,74.18412136533253,14.728627810984428,0.5352135141631891,,,,,,solved
voyage_046,train,5,soc_recovery,0.15,0.35,20.0,12.0,122376,122375,True,122375,0.5126327233669807,0.5416850422394185,-58402.69303028122,-0.4772436611258935,74.02980225145983,5.188533642602044,0.9144466682267876,,,,,,solved
voyage_046,train,6,economic_discharge,0.5,0.25,6.0,8.0,122376,122375,True,122375,0.3960957177227223,0.44937383771150696,-5781194.037113851,-47.241626452411445,70.9048748124321,62.79072526801481,0.6137458833061373,,,,,,solved
voyage_047,validation,0,candidate_C,0.25,0.4,12.0,20.0,25171,25170,True,25170,0.44615506387440257,0.5862384657898853,-236302.90385778958,-9.388275878338879,86.04096529618037,-22.61280265289158,0.4641346260129069,,,,,,solved
voyage_047,validation,1,fast_fc_response,0.25,0.6,12.0,5.0,25171,25170,True,25170,0.5020156000549306,0.5290448580280934,-97989.58697753582,-3.8931103288651494,83.18088823506098,13.076008590469957,2.00258652404915,,,,,,solved
voyage_047,validation,2,medium_response,0.25,0.5,10.0,10.0,25171,25170,True,25170,0.47657580438907043,0.5468114500244444,-151805.91923936276,-6.0312244433596645,84.00212969792642,1.9896551847419135,0.7889529871783338,,,,,,solved
voyage_047,validation,3,balanced,0.25,0.4,10.0,12.0,25171,25170,True,25170,0.4625378410144815,0.5587862245471356,-173731.62504924837,-6.9023291636570665,84.60789674605009,-5.482604117411593,0.5043530684682764,,,,,,solved
voyage_047,validation,4,strong_fc_smoothing,0.25,0.25,12.0,30.0,25171,25170,True,25170,0.4085570126701621,0.5886445567707859,-515189.55231069366,-20.468396992876187,86.47471415455443,-24.11420342497031,0.5053830688811445,,,,,,solved
voyage_047,validation,5,soc_recovery,0.15,0.35,20.0,12.0,25171,25170,True,25170,0.4957271388060561,0.571396335930829,-47970.12774801647,-1.9058453614627124,85.08611827114564,-13.351313620837352,0.6838430161039355,,,,,,solved
voyage_047,validation,6,economic_discharge,0.5,0.25,6.0,8.0,25171,25170,True,25170,0.38584301099468327,0.4805009054148444,-1440535.460109486,-57.23223917796925,81.68635235804526,43.36743502113707,0.4656823540856294,,,,,,solved
voyage_048,validation,0,candidate_C,0.25,0.4,12.0,20.0,28772,28771,False,11649,,,,,,,,11649,11650,0.20051229764820155,560.0,"[761.956254943045,761.8181095139256,761.6869644522179,761.5638228456606,761.4496877819913,761.345562348947]",primal infeasible
voyage_048,validation,1,fast_fc_response,0.25,0.6,12.0,5.0,28772,28771,True,28771,0.23215022256442136,0.5347836977113197,-1020878.2253320765,-35.48288990066652,109.5014440421436,9.494972628136082,1.799343782019264,,,,,,solved
voyage_048,validation,2,medium_response,0.25,0.5,10.0,10.0,28772,28771,True,28771,0.205519139117398,0.5492299204202029,-1346633.3093601519,-46.80523128706517,110.16628103312267,0.4805296577949171,0.5737893137505949,,,,,,solved
voyage_048,validation,3,balanced,0.25,0.4,10.0,12.0,28772,28771,False,11887,,,,,,,,11887,11888,0.2005397372210729,559.9999999999999,"[783.072138968796,784.8370902863268,786.6580693032347,788.5219493183298,790.4156036304216,792.3259055383198]",primal infeasible
voyage_048,validation,4,strong_fc_smoothing,0.25,0.25,12.0,30.0,28772,28771,False,11011,,,,,,,,11011,11012,0.20062980217188736,560.0,"[806.646617634403,806.9569815652637,807.1537672161254,807.2416095210851,807.2251434142398,807.1090038296862]",primal infeasible
voyage_048,validation,5,soc_recovery,0.15,0.35,20.0,12.0,28772,28771,True,28771,0.2542544208770388,0.5736566813500463,-795424.4932171504,-27.646744750517897,111.37011427683716,-14.761769162429495,0.8409772097226096,,,,,,solved
voyage_048,validation,6,economic_discharge,0.5,0.25,6.0,8.0,28772,28771,False,10735,,,,,,,,10735,10736,0.2007352884650484,559.9999999999998,"[847.231877792342,847.6897894208597,847.8681752214525,847.7497211295201,847.3171130804624,846.5530855909149]",primal infeasible
voyage_049,validation,0,candidate_C,0.25,0.4,12.0,20.0,17971,17970,True,17970,0.4385406520466181,0.619086215087686,-271078.66001678794,-15.08506733538052,78.91238176674271,-43.109798214713656,0.5533559256295746,,,,,,solved
voyage_049,validation,1,fast_fc_response,0.25,0.6,12.0,5.0,17971,17970,True,17970,0.499181325478608,0.5416055671304572,-82811.06868700065,-4.608295419421293,76.13323604456478,5.238126110592768,1.9508179472254596,,,,,,solved
voyage_049,validation,2,medium_response,0.25,0.5,10.0,10.0,17971,17970,True,17970,0.4706629322373193,0.5683387197876192,-152534.5248395114,-8.488287414552666,76.95353429092282,-11.443361147474446,0.7932284195283046,,,,,,solved
voyage_049,validation,3,balanced,0.25,0.4,10.0,12.0,17971,17970,True,17970,0.4565979734153998,0.5820203998473307,-188366.13524204298,-10.48225571742031,77.51799583474998,-19.9807295047365,0.6566741588362675,,,,,,solved
voyage_049,validation,4,strong_fc_smoothing,0.25,0.25,12.0,30.0,17971,17970,True,17970,0.39633252592597806,0.6790248230777598,-632141.5389617565,-35.1776037263081,81.15163493186023,-80.51148960052164,0.5549163813877556,,,,,,solved
voyage_049,validation,5,soc_recovery,0.15,0.35,20.0,12.0,17971,17970,True,17970,0.4786318127124734,0.600820338846083,-103693.18163939167,-5.7703495625704875,78.62181261610682,-31.711891439952232,1.0032278515330688,,,,,,solved
voyage_049,validation,6,economic_discharge,0.5,0.25,6.0,8.0,17971,17970,True,17970,0.3745434544747928,0.5019619872016956,-1189760.6608969602,-66.20816142999222,74.52847967205057,29.97571998613832,0.5766780150974569,,,,,,solved
voyage_050,validation,0,candidate_C,0.25,0.4,12.0,20.0,25171,25170,True,25170,0.3255388104167469,0.5679847285606929,-947665.1771590633,-37.65058312113879,94.22427460725079,-11.222470621875159,0.5324301168553802,,,,,,solved
voyage_050,validation,1,fast_fc_response,0.25,0.6,12.0,5.0,25171,25170,True,25170,0.35711880442261956,0.5326321380559563,-598455.0042168215,-23.776519833803,92.35334011478592,10.83754585308332,1.2329259309311453,,,,,,solved
voyage_050,validation,2,medium_response,0.25,0.5,10.0,10.0,25171,25170,True,25170,0.3462073318441588,0.5417364390940433,-715740.8433853559,-28.436267119005002,92.899796898184,5.156462005319809,0.6416784310678878,,,,,,solved
voyage_050,validation,3,balanced,0.25,0.4,10.0,12.0,25171,25170,True,25170,0.34561564080173923,0.5480688439524802,-736481.4300306397,-29.2602872479396,93.37131163110918,1.2050413736489645,0.5821412466135598,,,,,,solved
voyage_050,validation,4,strong_fc_smoothing,0.25,0.25,12.0,30.0,25171,25170,True,25170,0.270127479236476,0.568087234537549,-1743647.354938318,-69.2748253849153,94.54344465121837,-11.286434351427005,0.5105109252065461,,,,,,solved
voyage_050,validation,5,soc_recovery,0.15,0.35,20.0,12.0,25171,25170,True,25170,0.3716866752735409,0.5650268013525493,-474498.5496251966,-18.851750084433714,94.01642977023764,-9.376724043992748,0.9652300620099652,,,,,,solved
voyage_050,validation,6,economic_discharge,0.5,0.25,6.0,8.0,25171,25170,True,25170,0.23155377583618114,0.4732058527935031,-2770124.8299207054,-110.05660826065575,90.53662833240139,47.919547856851764,0.506390025261851,,,,,,solved
voyage_051,validation,0,candidate_C,0.25,0.4,12.0,20.0,21571,21570,True,21570,0.38356926618697135,0.5484957135885905,-930409.8372773384,-43.13443844586641,106.76402874401563,0.9386747207192354,0.6470600939053952,,,,,,solved
voyage_051,validation,1,fast_fc_response,0.25,0.6,12.0,5.0,21571,21570,True,21570,0.4656287334130772,0.5301149444738349,-198378.60508925063,-9.196968247067716,105.39650717982356,12.408274648325566,1.8556728788813643,,,,,,solved
voyage_051,validation,2,medium_response,0.25,0.5,10.0,10.0,21571,21570,True,21570,0.4325889137687435,0.5297182506718985,-431949.0965081924,-20.025456490875865,105.56730106738883,12.655811580737701,0.8419395819776696,,,,,,solved
voyage_051,validation,3,balanced,0.25,0.4,10.0,12.0,21571,21570,True,21570,0.41701070753678127,0.5274447414113841,-600454.222564015,-27.837469752620073,105.68324468072464,14.074481359297792,0.7239328356264423,,,,,,solved
voyage_051,validation,4,strong_fc_smoothing,0.25,0.25,12.0,30.0,21571,21570,True,21570,0.33300559478614017,0.6192919044986649,-1804580.978391593,-83.66161235009703,109.15108238357521,-43.238148407168964,0.5692244326803007,,,,,,solved
voyage_051,validation,5,soc_recovery,0.15,0.35,20.0,12.0,21571,21570,True,21570,0.4591004317438899,0.556699353860195,-214858.13717415277,-9.960970661759516,106.60453680735006,-4.1803968087612295,0.9484041982994427,,,,,,solved
voyage_051,validation,6,economic_discharge,0.5,0.25,6.0,8.0,21571,21570,True,21570,0.3316087054450364,0.4579212106896085,-2108945.1190823447,-97.77214274837017,102.97858475933737,57.4571645296865,0.602237904542676,,,,,,solved
voyage_052,validation,0,candidate_C,0.25,0.4,12.0,20.0,14371,14370,True,14370,0.4248325554407464,0.5421918189748264,-232297.556914637,-16.165452812431248,45.690389063420206,4.872304959707694,0.7158371294358972,,,,,,solved
voyage_052,validation,1,fast_fc_response,0.25,0.6,12.0,5.0,14371,14370,True,14370,0.48781246422315544,0.5271518122634844,-55359.30230501409,-3.8524218723043906,44.71074615583971,14.257269147585593,1.9160647606851455,,,,,,solved
voyage_052,validation,2,medium_response,0.25,0.5,10.0,10.0,14371,14370,True,14370,0.45865590800786504,0.525685411337346,-107816.80319007298,-7.502909059851982,44.876196029584726,15.17230332550095,1.194744013614212,,,,,,solved
voyage_052,validation,3,balanced,0.25,0.4,10.0,12.0,14371,14370,True,14370,0.4441582708924684,0.5288135600329846,-146776.43819016663,-10.214087556726975,45.14157617000034,13.220338539419211,0.9620754308687083,,,,,,solved
voyage_052,validation,4,strong_fc_smoothing,0.25,0.25,12.0,30.0,14371,14370,True,14370,0.3820753140590859,0.5303511721121341,-535025.4481401087,-37.23211190954132,45.53081460729781,12.26086860202808,0.48859084788961127,,,,,,solved
voyage_052,validation,5,soc_recovery,0.15,0.35,20.0,12.0,14371,14370,True,14370,0.48129795867885783,0.5459077105964816,-35132.02475556076,-2.4448173107557936,45.61577000109994,2.5535885877923667,1.1494559333248162,,,,,,solved
voyage_052,validation,6,economic_discharge,0.5,0.25,6.0,8.0,14371,14370,True,14370,0.37202344333968385,0.45631625570627105,-836326.2215279529,-58.199458700623026,42.38409006494887,58.458656439286415,0.6555130622383842,,,,,,solved
voyage_053,validation,0,candidate_C,0.25,0.4,12.0,20.0,28772,28771,False,7388,,,,,,,,7388,7389,0.20057068663968483,560.0,"[780.8455679636955,781.0071205776488,781.1446588146282,781.2575593259926,781.3451987631014,781.4069537773141]",primal infeasible
voyage_053,validation,1,fast_fc_response,0.25,0.6,12.0,5.0,28772,28771,False,8109,,,,,,,,8109,8110,0.20063299755697106,560.0,"[843.1307985106574,842.522288691725,841.8766154593286,841.1988138541926,840.4939189170418,839.7669656886006]",primal infeasible
voyage_053,validation,2,medium_response,0.25,0.5,10.0,10.0,28772,28771,False,7926,,,,,,,,7926,7927,0.2006209215491883,560.0000000000001,"[804.4638309879106,805.1473666634861,805.9206593571633,806.7758504709153,807.7050814067148,808.700493566535]",primal infeasible
voyage_053,validation,3,balanced,0.25,0.4,10.0,12.0,28772,28771,False,7800,,,,,,,,7800,7801,0.20071367450702252,559.9999999999999,"[829.5616999999999,830.1969277618771,830.719206232085,831.1327532834542,831.4417867888162,831.6505246210006]",primal infeasible
voyage_053,validation,4,strong_fc_smoothing,0.25,0.25,12.0,30.0,28772,28771,False,6848,,,,,,,,6848,6849,0.20053379490663417,560.0,"[784.820016385911,784.7100061201629,784.5613467323277,784.3752109392766,784.1527714578801,783.8952010050104]",primal infeasible
voyage_053,validation,5,soc_recovery,0.15,0.35,20.0,12.0,28772,28771,False,8337,,,,,,,,8337,8338,0.20071024818221506,560.0000000000002,"[859.8605598007846,860.4542373774639,860.7763,860.8147873114793,860.5810299250957,860.0921811965698]",primal infeasible
voyage_053,validation,6,economic_discharge,0.5,0.25,6.0,8.0,28772,28771,False,6549,,,,,,,,6549,6550,0.20056857351551444,559.9999999999998,"[790.1695645933446,789.7744077040594,789.3644104504493,788.9398697118249,788.5010823674969,788.048345296776]",primal infeasible
voyage_054,validation,0,candidate_C,0.25,0.4,12.0,20.0,28382,28381,False,8782,,,,,,,,8782,8783,0.2005496779845371,560.0000038628573,"[806.5969602801382,807.3688365388334,808.0569352458137,808.6535692203751,809.1510512818131,809.5416942494237]",primal infeasible
voyage_054,validation,1,fast_fc_response,0.25,0.6,12.0,5.0,28382,28381,False,9435,,,,,,,,9435,9436,0.20052571682835751,560.0,"[776.8465034055673,777.5295399952618,778.228202159206,778.9357111797395,779.6452883392011,780.3501549199301]",primal infeasible
voyage_054,validation,2,medium_response,0.25,0.5,10.0,10.0,28382,28381,False,9109,,,,,,,,9109,9110,0.20052774673969442,560.0000000000001,"[782.6207930477694,783.5696457332529,784.5609593565963,785.5974722412709,786.6819227107482,787.8170490884995]",primal infeasible
voyage_054,validation,3,balanced,0.25,0.4,10.0,12.0,28382,28381,False,8957,,,,,,,,8957,8958,0.20050745344714732,560.0000045461321,"[789.8938105676749,790.3320885386332,790.7677016430946,791.1919674873404,791.5962036776529,791.971727820314]",primal infeasible
voyage_054,validation,4,strong_fc_smoothing,0.25,0.25,12.0,30.0,28382,28381,False,8420,,,,,,,,8420,8421,0.20051609761064626,560.0000028756812,"[795.2497314416468,795.1249847626266,795.0483544072334,795.0247482177017,795.0590740362658,795.1562397051598]",primal infeasible
voyage_054,validation,5,soc_recovery,0.15,0.35,20.0,12.0,28382,28381,False,9330,,,,,,,,9330,9331,0.20053336655281861,560.0000000000002,"[787.5441241659022,786.5744933501853,785.6551534145957,784.7881847716682,783.9739732232534,783.2129045712013]",primal infeasible
voyage_054,validation,6,economic_discharge,0.5,0.25,6.0,8.0,28382,28381,False,8144,,,,,,,,8144,8145,0.2005303204668721,559.9999999999998,"[782.7577722116382,782.0280856899379,781.3469290709174,780.7200009688681,780.1529999980797,779.6516247728432]",primal infeasible
voyage_055,validation,0,candidate_C,0.25,0.4,12.0,20.0,35949,35948,True,35948,0.41486552553858697,0.628710409279221,-464769.2628767971,-12.92893242674967,133.09388286783008,-49.11529539023697,0.6147257917506295,,,,,,solved
voyage_055,validation,1,fast_fc_response,0.25,0.6,12.0,5.0,35949,35948,True,35948,0.4193739639116296,0.545756544760527,-253146.8797154923,-7.042029590394245,129.44981600177377,2.647916069435084,2.4167036963155795,,,,,,solved
voyage_055,validation,2,medium_response,0.25,0.5,10.0,10.0,35949,35948,True,35948,0.40609468864318865,0.5718880214402923,-388569.33348523657,-10.809205894214882,130.55581000458662,-13.65812537874493,1.1107480847266373,,,,,,solved
voyage_055,validation,3,balanced,0.25,0.4,10.0,12.0,35949,35948,True,35948,0.40325091260855483,0.5868325395914986,-434265.9539660984,-12.080392621734127,131.277843897897,-22.983504705096898,0.762721673808457,,,,,,solved
voyage_055,validation,4,strong_fc_smoothing,0.25,0.25,12.0,30.0,35949,35948,True,35948,0.3862823410249877,0.6676677463826871,-762475.8549282409,-21.210522280189185,134.86825233204294,-73.42467374279383,0.5579121547665125,,,,,,solved
voyage_055,validation,5,soc_recovery,0.15,0.35,20.0,12.0,35949,35948,True,35948,0.4315528291234767,0.5965611993575429,-173647.0644274005,-4.830506966379229,131.83844456998378,-29.05418839910393,0.9967000143466294,,,,,,solved
voyage_055,validation,6,economic_discharge,0.5,0.25,6.0,8.0,35949,35948,True,35948,0.3170984810843302,0.5053143590300052,-2518799.931840401,-70.06787392456886,128.20318378439075,27.883839965275946,0.7022176322832934,,,,,,solved
voyage_056,validation,0,candidate_C,0.25,0.4,12.0,20.0,100773,100772,True,100772,0.3111827274068138,0.5967572300237467,-1413958.9544300998,-14.031268154150952,159.01052132427802,-29.17651153481494,0.5684835907134982,,,,,,solved
voyage_056,validation,1,fast_fc_response,0.25,0.6,12.0,5.0,100773,100772,True,100772,0.37017372549188743,0.5428718614862348,-745557.3482846066,-7.398457391781513,156.89754317756473,4.447958432586551,1.8273958248506972,,,,,,solved
voyage_056,validation,2,medium_response,0.25,0.5,10.0,10.0,100773,100772,True,100772,0.34591361845582164,0.5597247251528418,-1101624.2530889336,-10.931848659240003,157.37887667638043,-6.068228495370567,0.7635983199546104,,,,,,solved
voyage_056,validation,3,balanced,0.25,0.4,10.0,12.0,100773,100772,True,100772,0.33234200435939476,0.5712904033770723,-1253020.0516097343,-12.43420842704059,157.84676357876188,-13.285211707297512,0.662363408851661,,,,,,solved
voyage_056,validation,4,strong_fc_smoothing,0.25,0.25,12.0,30.0,100773,100772,True,100772,0.25956732818583356,0.6409238922547028,-2337231.2699752557,-23.193260726940576,161.21547443198773,-56.73650876692435,0.5481733051078095,,,,,,solved
voyage_056,validation,5,soc_recovery,0.15,0.35,20.0,12.0,100773,100772,True,100772,0.3993558263370558,0.5977163328875691,-357651.45410614955,-3.549115370401992,159.1062144449942,-29.774991721844543,0.9569169930386465,,,,,,solved
voyage_056,validation,6,economic_discharge,0.5,0.25,6.0,8.0,100773,100772,True,100772,0.23546975254144653,0.49067794098329093,-6981427.086320239,-69.27943363553605,154.91148105556545,37.016964826428094,0.7119264515119994,,,,,,solved
voyage_057,validation,0,candidate_C,0.25,0.4,12.0,20.0,7170,7169,True,7169,0.28474189652058846,0.6243786339007028,-721913.0533760956,-100.69926815121993,40.38294473672185,-46.412267554039474,0.6534410338510952,,,,,,solved
voyage_057,validation,1,fast_fc_response,0.25,0.6,12.0,5.0,7170,7169,True,7169,0.36699748812483757,0.5377511169632099,-252889.74216040864,-35.275455734469055,37.417741300252416,7.643303014957128,1.5187745596277864,,,,,,solved
voyage_057,validation,2,medium_response,0.25,0.5,10.0,10.0,7170,7169,True,7169,0.32712310215057105,0.5630435471768688,-445849.8398546844,-62.19135721225895,38.24107395639018,-8.139173438367806,0.6706976557314448,,,,,,solved
voyage_057,validation,3,balanced,0.25,0.4,10.0,12.0,7170,7169,True,7169,0.30876832314660296,0.5850724803987148,-556538.8316916856,-77.6313058573979,39.01603883894653,-21.885227768797932,0.6262112024331259,,,,,,solved
voyage_057,validation,4,strong_fc_smoothing,0.25,0.25,12.0,30.0,7170,7169,True,7169,0.2342214505845383,0.6470870198730959,-1123004.9589503421,-156.64736489752298,41.25464834664851,-60.58230040081311,0.6284442972435045,,,,,,solved
voyage_057,validation,5,soc_recovery,0.15,0.35,20.0,12.0,7170,7169,True,7169,0.3616074561873911,0.6041667478565594,-287149.2585121021,-40.05429746297979,39.8134875503929,-33.80005066249197,0.998814736027839,,,,,,solved
voyage_057,validation,6,economic_discharge,0.5,0.25,6.0,8.0,7170,7169,True,7169,0.22645540715369442,0.5030791088358272,-1205381.6462912587,-168.13804523521534,36.07375613347476,29.27863608644326,0.7326238603663455,,,,,,solved
voyage_058,validation,0,candidate_C,0.25,0.4,12.0,20.0,14371,14370,True,14370,0.385470527269189,0.6029189035629027,-354938.9423956306,-24.699995991345205,43.432281966339694,-33.021395823251005,0.8272905865138114,,,,,,solved
voyage_058,validation,1,fast_fc_response,0.25,0.6,12.0,5.0,14371,14370,True,14370,0.4655857832245814,0.5373676701676995,-68198.5318178841,-4.745896438266117,40.98096615614364,7.882573815355262,2.0626155599561002,,,,,,solved
voyage_058,validation,2,medium_response,0.25,0.5,10.0,10.0,14371,14370,True,14370,0.42800345287403985,0.5597581948799335,-152514.09366744658,-10.613367687365802,41.88147931997398,-6.089113605077289,1.207356167515428,,,,,,solved
voyage_058,validation,3,balanced,0.25,0.4,10.0,12.0,14371,14370,True,14370,0.40921425168161457,0.5770782135405396,-225711.5217619729,-15.707134430199924,42.53917575678384,-16.896805249295333,1.0409610119372132,,,,,,solved
voyage_058,validation,4,strong_fc_smoothing,0.25,0.25,12.0,30.0,14371,14370,True,14370,0.33895808766607544,0.6019970064288575,-580170.1855588029,-40.37370811125977,43.30082826444679,-32.44613201160701,0.680159971957778,,,,,,solved
voyage_058,validation,5,soc_recovery,0.15,0.35,20.0,12.0,14371,14370,True,14370,0.4479726239860872,0.5901042693929882,-121852.9313743159,-8.479675113035205,43.224305140572284,-25.025064101222725,1.3829065660718811,,,,,,solved
voyage_058,validation,6,economic_discharge,0.5,0.25,6.0,8.0,14371,14370,True,14370,0.34645811151545225,0.4924733070685771,-721645.5871802209,-50.218899595004935,39.337494258267405,35.89665638920741,0.8349297869485781,,,,,,solved
voyage_059,validation,0,candidate_C,0.25,0.4,12.0,20.0,7170,7169,True,7169,0.3836904126721551,0.5748580944866644,-196837.1867325124,-27.456714567235654,24.06273352431079,-15.511450959680797,0.5849811983476911,,,,,,solved
voyage_059,validation,1,fast_fc_response,0.25,0.6,12.0,5.0,7170,7169,True,7169,0.4553626815009136,0.5381618652336305,-52749.10540366042,-7.357944678987365,22.746958452613462,7.38699609421217,1.609693768402792,,,,,,solved
voyage_059,validation,2,medium_response,0.25,0.5,10.0,10.0,7170,7169,True,7169,0.41641361009013506,0.5597245205767092,-121477.22909440566,-16.944794126713024,23.496382215163493,-6.068100839865867,0.8915052926343776,,,,,,solved
voyage_059,validation,3,balanced,0.25,0.4,10.0,12.0,7170,7169,True,7169,0.4014361994193753,0.5693115822859557,-155478.76149418493,-21.687649810878078,23.8575128269319,-12.050427346435843,0.7034380024093707,,,,,,solved
voyage_059,validation,4,strong_fc_smoothing,0.25,0.25,12.0,30.0,7170,7169,True,7169,0.3412914055890564,0.5502650801392562,-329997.0465851334,-46.031112649621065,23.25378888397066,-0.16541000689645952,0.5492152767636753,,,,,,solved
voyage_059,validation,5,soc_recovery,0.15,0.35,20.0,12.0,7170,7169,True,7169,0.4401589701841784,0.5988221569601662,-69512.98659750313,-9.696329557470097,24.84197968039727,-30.46502594314516,0.9397330071183205,,,,,,solved
voyage_059,validation,6,economic_discharge,0.5,0.25,6.0,8.0,7170,7169,True,7169,0.3101810842808099,0.4797942547935358,-497749.12882149155,-69.43076144810874,20.84621101702075,43.80838500883138,0.658226211341912,,,,,,solved
